isqno,war,name,date_start,date_end,duration,attacker,defender,winner,locn
40,Guerra del Rey Guillermo,KILLIECRANKIE,1689-07-27 19:45:00,1689-07-27 21:00:00,0 days 01:15:00,Jacobitas,Inglaterra,attacker,Escocia
43,Guerra del Rey Guillermo,THE BOYNE,1690-07-11 11:00:00,1690-07-11 14:00:00,0 days 03:00:00,Inglaterra,Jacobitas,attacker,Irlanda
44,Guerra del Rey Guillermo,AUGHRIM,1691-07-22 14:00:00,1691-07-22 20:00:00,0 days 06:00:00,Inglaterra,Jacobitas,attacker,Irlanda
45,Guerra del Rey Guillermo,STEENKERKE,1692-08-03 12:00:00,1692-08-03 19:00:00,0 days 07:00:00,Inglaterra,Francia,defender,Países Bajos Españoles
46,Guerra del Rey Guillermo,NEERWINDEN (LANDEN),1693-07-29 04:00:00,1693-07-29 15:00:00,0 days 11:00:00,Francia,Inglaterra,attacker,Países Bajos Españoles
50,Guerra de Sucesión Española,BLENHEIM,1704-08-13 12:30:00,1704-08-13 21:00:00,0 days 08:30:00,Inglaterra,Francia,attacker,Baviera
51,Guerra de Sucesión Española,RAMILLIES,1706-05-23 13:00:00,1706-05-23 19:00:00,0 days 06:00:00,Inglaterra,Francia,attacker,Países Bajos Españoles
52,Guerra de Sucesión Española,OUDENARDE,1708-07-11 15:00:00,1708-07-11 21:00:00,0 days 06:00:00,Inglaterra,Francia,attacker,Países Bajos Españoles
53,Guerra de Sucesión Española,MALPLAQUET,1709-09-11 08:00:00,1709-09-11 15:00:00,0 days 07:00:00,Inglaterra,Francia,attacker,Países Bajos Españoles
54,Guerra Austro-Turca,PETERWARDEIN,1716-08-05 07:00:00,1716-08-05 12:00:00,0 days 05:00:00,Imperio Habsburgo,Imperio Otomano,attacker,Reino de Hungría
55,Guerra de Sucesión Austríaca,MOLLWITZ,1741-04-10 12:00:00,1741-04-10 18:45:00,0 days 06:45:00,Imperio Habsburgo,Prusia,defender,Silesia
56,Guerra de Sucesión Austríaca,CHOTUSITZ,1742-05-17 08:00:00,1742-05-17 12:00:00,0 days 04:00:00,Imperio Habsburgo,Prusia,defender,Bohemia
57,Guerra de Sucesión Austríaca,DETTINGEN,1743-06-27 00:00:00,1743-06-28 00:00:00,1 days 00:00:00,Gran Bretaña,Francia,attacker,Baviera
58,Guerra de Sucesión Austríaca,FONTENOY,1745-05-11 05:00:00,1745-05-11 13:00:00,0 days 08:00:00,Gran Bretaña,Francia,defender,Países Bajos Austríacos
59,Guerra de Sucesión Austríaca,HOHENFRIEDBERG,1745-06-04 04:00:00,1745-06-04 11:00:00,0 days 07:00:00,Prusia,Imperio Habsburgo,attacker,Silesia
60,Guerra de Sucesión Austríaca,SOOR,1745-09-30 07:00:00,1745-09-30 11:00:00,0 days 04:00:00,Prusia,Imperio Habsburgo,attacker,Silesia
62,Rebelión Jacobita,PRESTONPANS,1745-09-21 04:30:00,1745-09-21 04:40:00,0 days 00:10:00,Jacobitas,Gran Bretaña,attacker,Escocia
63,Rebelión Jacobita,CULLODEN,1746-04-16 13:10:00,1746-04-16 13:50:00,0 days 00:40:00,Jacobitas,Gran Bretaña,defender,Escocia
64,La Guerra de los Siete Años,LOBOSITZ,1756-10-01 11:00:00,1756-10-01 15:00:00,0 days 04:00:00,Prusia,Austria,attacker,Bohemia
65,La Guerra de los Siete Años,PRAGUE,1757-05-06 11:00:00,1757-05-06 15:00:00,0 days 04:00:00,Prusia,Austria,attacker,Bohemia
67,La Guerra de los Siete Años,KOLIN,1757-06-18 14:00:00,1757-06-18 21:00:00,0 days 07:00:00,Prusia,Austria,defender,Bohemia
68,La Guerra de los Siete Años,HASTENBECK,1757-07-26 09:00:00,1757-07-26 16:00:00,0 days 07:00:00,Francia,Gran Bretaña,attacker,Hannover
69,La Guerra de los Siete Años,ROSSBACH,1757-11-05 15:30:00,1757-11-05 17:00:00,0 days 01:30:00,Francia,Prusia,defender,Sajonia
70,La Guerra de los Siete Años,LEUTHEN,1757-12-05 13:00:00,1757-12-05 16:00:00,0 days 03:00:00,Prusia,Austria,attacker,Silesia
71,La Guerra de los Siete Años,CREFELD,1758-06-23 13:00:00,1758-06-23 18:00:00,0 days 05:00:00,Hanóver,Francia,attacker,Westfalia
72,La Guerra de los Siete Años,ZORNDORF,1758-08-25 10:00:00,1758-08-25 19:30:00,0 days 09:30:00,Prusia,Rusia,attacker,Prusia
73,La Guerra de los Siete Años,HOCHKIRCH,1758-10-14 05:00:00,1758-10-14 08:00:00,0 days 03:00:00,Austria,Prusia,attacker,Sajonia
74,La Guerra de los Siete Años,BERGEN,1759-04-13 00:00:00,1759-04-14 00:00:00,1 days 00:00:00,Hanóver,Francia,defender,Renania
75,La Guerra de los Siete Años,MINDEN,1759-08-01 06:00:00,1759-08-01 11:00:00,0 days 05:00:00,Hanóver,Francia,attacker,Renania
76,La Guerra de los Siete Años,KUNERSDORF,1759-08-12 11:30:00,1759-08-12 17:30:00,0 days 06:00:00,Prusia,Rusia,defender,Prusia
77,La Guerra de los Siete Años,PLAINS OF ABRAHAM (QUEBEC),1759-09-13 10:00:00,1759-09-13 10:15:00,0 days 00:15:00,Francia,Gran Bretaña,defender,Canadá
78,La Guerra de los Siete Años,MAXEN,1759-11-20 11:00:00,1759-11-20 17:30:00,0 days 06:30:00,Austria,Prusia,attacker,Sajonia
79,La Guerra de los Siete Años,WARBURG,1760-07-31 00:00:00,1760-08-01 00:00:00,1 days 00:00:00,Hanóver,Francia,attacker,Westfalia
80,La Guerra de los Siete Años,LIEGNITZ,1760-08-15 05:00:00,1760-08-15 07:00:00,0 days 02:00:00,Austria,Prusia,defender,Silesia
81,La Guerra de los Siete Años,TORGAU,1760-11-03 14:00:00,1760-11-03 22:00:00,0 days 08:00:00,Prusia,Austria,attacker,Silesia
82,Revolución Americana,BUNKER HILL,1775-06-17 15:00:00,1775-06-17 19:00:00,0 days 04:00:00,Gran Bretaña,EE. UU.,attacker,Massachusetts
83,Revolución Americana,QUEBEC,1776-01-01 04:00:00,1776-01-01 09:00:00,0 days 05:00:00,EE. UU.,Gran Bretaña,defender,Canadá
84,Revolución Americana,WHITE PLAINS,1776-10-28 08:00:00,1776-10-28 17:00:00,0 days 09:00:00,Gran Bretaña,EE. UU.,attacker,Nueva York
85,Revolución Americana,TRENTON,1776-12-26 08:00:00,1776-12-26 09:30:00,0 days 01:30:00,EE. UU.,Gran Bretaña,attacker,Nueva Jersey
86,Revolución Americana,PRINCETON,1777-01-03 08:00:00,1777-01-03 08:15:00,0 days 00:15:00,EE. UU.,Gran Bretaña,attacker,Nueva Jersey
87,Revolución Americana,FREEMAN'S FARM,1777-09-19 12:45:00,1777-09-19 19:15:00,0 days 06:30:00,Gran Bretaña,EE. UU.,draw,Nueva York
88,Revolución Americana,GERMANTOWN,1777-10-04 06:00:00,1777-10-04 10:00:00,0 days 04:00:00,EE. UU.,Gran Bretaña,defender,Pensilvania
89,Revolución Americana,BEMIS HEIGHTS,1777-10-07 14:30:00,1777-10-07 15:22:00,0 days 00:52:00,Gran Bretaña,EE. UU.,defender,Nueva York
90,Revolución Americana,MONMOUTH COURT HOUSE,1778-06-28 10:00:00,1778-06-28 17:00:00,0 days 07:00:00,Gran Bretaña,EE. UU.,draw,Nueva Jersey
91,Revolución Americana,CAMDEN,1780-08-16 02:00:00,1780-08-16 13:00:00,0 days 11:00:00,Gran Bretaña,EE. UU.,attacker,Carolina del Sur
92,Revolución Americana,COWPENS,1781-01-17 07:00:00,1781-01-17 08:00:00,0 days 01:00:00,Gran Bretaña,EE. UU.,defender,Carolina del Sur
93,Revolución Americana,GUILFORD COURT HOUSE,1781-03-15 13:30:00,1781-03-15 15:30:00,0 days 02:00:00,Gran Bretaña,EE. UU.,attacker,Carolina del Norte
94,Revolución Americana,HOBKIRK'S HILL,1781-04-25 10:00:00,1781-04-25 16:00:00,0 days 06:00:00,Gran Bretaña,EE. UU.,attacker,Carolina del Sur
95,Revolución Americana,EUTAW SPRINGS,1781-09-08 09:05:00,1781-09-08 13:00:00,0 days 03:55:00,EE. UU.,Gran Bretaña,defender,Carolina del Sur
96,Guerra de la Primera Coalición,VALMY,1792-09-20 12:10:00,1792-09-20 17:00:00,0 days 04:50:00,Prusia,Francia,defender,Francia
97,Guerra de la Primera Coalición,JEMAPPES,1792-11-06 00:00:00,1792-11-07 00:00:00,1 days 00:00:00,Francia,Austria,attacker,Países Bajos Austríacos
98,Guerra de la Primera Coalición,NEERWINDEN,1793-03-18 00:00:00,1793-03-19 00:00:00,1 days 00:00:00,Francia,Austria,defender,Países Bajos Austríacos
99,Guerra de la Primera Coalición,HONDSCHOOTE,1793-09-06 00:00:00,1793-09-07 00:00:00,1 days 00:00:00,Francia,Gran Bretaña,attacker,Francia
100,Guerra de la Primera Coalición,WATTIGNIES,1793-10-15 00:00:00,1793-10-17 00:00:00,2 days 00:00:00,Francia,Austria,attacker,Países Bajos Austríacos
101,Guerra de la Primera Coalición,FLEURUS,1794-06-26 04:00:00,1794-06-26 10:00:00,0 days 06:00:00,Austria,Francia,defender,Países Bajos Austríacos
102,Guerra de la Primera Coalición,LODI,1796-05-10 18:30:00,1796-05-10 20:00:00,0 days 01:30:00,Francia,Austria,attacker,Norte de Italia
103,Guerra de la Primera Coalición,CASTIGLIONE,1796-08-05 00:00:00,1796-08-06 00:00:00,1 days 00:00:00,Francia,Austria,attacker,Norte de Italia
104,Guerra de la Primera Coalición,NERESHEIM,1796-08-11 00:00:00,1796-08-12 00:00:00,1 days 00:00:00,Austria,Francia,attacker,Alemania
105,Guerra de la Primera Coalición,WUERZBURG,1796-09-03 09:00:00,1796-09-03 19:20:00,0 days 10:20:00,Austria,Francia,attacker,Alemania
106,Guerra de la Primera Coalición,ARCOLA,1796-11-15 00:00:00,1796-11-18 00:00:00,3 days 00:00:00,Francia,Austria,attacker,Norte de Italia
107,Guerra de la Primera Coalición,RIVOLI,1797-01-14 00:00:00,1797-01-16 00:00:00,2 days 00:00:00,Austria,Francia,defender,Norte de Italia
108,Guerra de la Primera Coalición,PYRAMIDS,1798-07-21 15:30:00,1798-07-21 16:30:00,0 days 01:00:00,Francia,Imperio Otomano,attacker,Egipto
109,Guerra de la Segunda Coalición,STOCKACH I,1799-03-25 05:00:00,1799-03-25 20:00:00,0 days 15:00:00,Francia,Austria,defender,Alemania
110,Guerra de la Primera Coalición,MOUNT TABOR,1799-04-16 06:30:00,1799-04-16 16:30:00,0 days 10:00:00,Imperio Otomano,Francia,defender,Palestina
111,Guerra de la Segunda Coalición,ZURICH I,1799-06-04 00:00:00,1799-06-05 00:00:00,1 days 00:00:00,Austria,Francia,defender,Suiza
112,Guerra de la Segunda Coalición,NOVI,1799-08-15 03:00:00,1799-08-15 20:00:00,0 days 17:00:00,Rusia,Francia,attacker,Norte de Italia
113,Guerra de la Segunda Coalición,ZURICH III,1799-09-24 00:00:00,1799-09-26 00:00:00,2 days 00:00:00,Francia,Rusia,attacker,Suiza
114,Guerra de la Segunda Coalición,MOESKIRCH,1800-05-05 00:00:00,1800-05-06 00:00:00,1 days 00:00:00,Francia,Austria,attacker,Alemania
115,Guerra de la Segunda Coalición,MARENGO,1800-06-14 09:00:00,1800-06-14 21:00:00,0 days 12:00:00,Austria,Francia,defender,Norte de Italia
116,Guerra de la Segunda Coalición,HOHENLINDEN,1800-12-03 08:00:00,1800-12-03 17:30:00,0 days 09:30:00,Austria,Francia,defender,Alemania
117,Las Guerras Napoleónicas,AUSTERLITZ,1805-12-02 08:00:00,1805-12-02 17:00:00,0 days 09:00:00,Rusia,Francia,defender,Moravia
118,Las Guerras Napoleónicas,JENA,1806-10-14 06:00:00,1806-10-14 15:15:00,0 days 09:15:00,Francia,Prusia,attacker,Prusia
119,Las Guerras Napoleónicas,AUERSTADT,1806-10-14 08:00:00,1806-10-14 16:00:00,0 days 08:00:00,Prusia,Francia,defender,Prusia
120,Las Guerras Napoleónicas,EYLAU,1807-02-08 08:00:00,1807-02-08 22:00:00,0 days 14:00:00,Francia,Rusia,draw,Prusia
121,Las Guerras Napoleónicas,FRIEDLAND,1807-06-14 17:30:00,1807-06-14 23:00:00,0 days 05:30:00,Francia,Rusia,attacker,Prusia
122,Las Guerras Napoleónicas,VIMIERO,1808-08-21 10:00:00,1808-08-21 19:30:00,0 days 09:30:00,Francia,Gran Bretaña,defender,Portugal
123,Las Guerras Napoleónicas,CORUNNA,1809-01-16 14:00:00,1809-01-16 18:00:00,0 days 04:00:00,Francia,Gran Bretaña,defender,España
124,Las Guerras Napoleónicas,ECKMUEHL,1809-04-22 13:30:00,1809-04-22 19:30:00,0 days 06:00:00,Austria,Francia,defender,Austria
125,Las Guerras Napoleónicas,ASPERN-ESSLING,1809-05-21 13:00:00,1809-05-22 15:00:00,1 days 02:00:00,Austria,Francia,attacker,Austria
126,Las Guerras Napoleónicas,THE RAAB,1809-06-14 14:00:00,1809-06-14 17:00:00,0 days 03:00:00,Francia,Austria,attacker,Hungría
127,Las Guerras Napoleónicas,WAGRAM,1809-07-05 19:00:00,1809-07-06 14:00:00,0 days 19:00:00,Francia,Austria,attacker,Austria
128,Las Guerras Napoleónicas,TALAVERA,1809-07-28 05:00:00,1809-07-28 18:00:00,0 days 13:00:00,Francia,Gran Bretaña,defender,España
129,Las Guerras Napoleónicas,BUSSACO,1810-09-27 05:45:00,1810-09-27 14:00:00,0 days 08:15:00,Francia,Gran Bretaña,defender,Portugal
130,Las Guerras Napoleónicas,FUENTES DE ONORO,1811-05-05 07:00:00,1811-05-05 14:00:00,0 days 07:00:00,Francia,Gran Bretaña,defender,España
131,Las Guerras Napoleónicas,ALBUERA,1811-05-16 09:00:00,1811-05-16 14:50:00,0 days 05:50:00,Francia,Gran Bretaña,defender,España
132,Las Guerras Napoleónicas,SALAMANCA,1812-07-22 17:00:00,1812-07-22 20:45:00,0 days 03:45:00,Gran Bretaña,Francia,attacker,España
133,Las Guerras Napoleónicas,VITTORIA,1813-06-21 08:30:00,1813-06-21 19:30:00,0 days 11:00:00,Gran Bretaña,Francia,attacker,España
134,Las Guerras Napoleónicas,BORODINO,1812-09-07 06:00:00,1812-09-07 18:00:00,0 days 12:00:00,Francia,Rusia,attacker,Rusia
135,Las Guerras Napoleónicas,LUETZEN,1813-05-02 11:45:00,1813-05-02 21:00:00,0 days 09:15:00,Rusia,Francia,defender,Sajonia
136,Las Guerras Napoleónicas,BAUTZEN,1813-05-20 15:00:00,1813-05-21 17:00:00,1 days 02:00:00,Francia,Prusia,attacker,Sajonia
137,Las Guerras Napoleónicas,DRESDEN,1813-08-26 05:00:00,1813-08-27 16:00:00,1 days 11:00:00,Austria,Francia,defender,Sajonia
138,Las Guerras Napoleónicas,LEIPZIG,1813-10-16 08:30:00,1813-10-19 14:00:00,3 days 05:30:00,Austria,Francia,attacker,Sajonia
140,Las Guerras Napoleónicas,LA ROTHIERE,1814-02-01 13:00:00,1814-02-01 20:00:00,0 days 07:00:00,Prusia,Francia,attacker,Francia
141,Las Guerras Napoleónicas,LAON,1814-03-09 06:00:00,1814-03-10 17:00:00,1 days 11:00:00,Francia,Prusia,defender,Francia
142,Las Guerras Napoleónicas,ARCIS-SUR-AUBE,1814-03-20 14:00:00,1814-03-21 18:00:00,1 days 04:00:00,Austria,Francia,attacker,Francia
143,Las Guerras Napoleónicas,LIGNY,1815-06-16 14:00:00,1815-06-16 21:30:00,0 days 07:30:00,Francia,Prusia,attacker,Bélgica
144,Las Guerras Napoleónicas,QUATRE BRAS,1815-06-16 14:30:00,1815-06-16 21:30:00,0 days 07:00:00,Francia,Gran Bretaña,defender,Bélgica
145,Las Guerras Napoleónicas,WATERLOO,1815-06-18 11:30:00,1815-06-18 21:30:00,0 days 10:00:00,Francia,Gran Bretaña,defender,Bélgica
146,Guerra de 1812,THE THAMES,1813-10-05 14:00:00,1813-10-05 14:10:00,0 days 00:10:00,EE. UU.,Gran Bretaña,attacker,Canadá
147,Guerra de 1812,CHIPPEWA,1814-07-05 17:00:00,1814-07-05 18:00:00,0 days 01:00:00,Gran Bretaña,EE. UU.,defender,Canadá
148,Guerra de 1812,LUNDY'S LANE,1814-07-25 18:00:00,1814-07-26 00:00:00,0 days 06:00:00,EE. UU.,Gran Bretaña,defender,Canadá
149,Guerra de 1812,NEW ORLEANS,1815-01-08 06:00:00,1815-01-08 06:45:00,0 days 00:45:00,Gran Bretaña,EE. UU.,defender,Luisiana
150,Guerras de Independencia de América Latina,BOYACA,1819-08-07 00:00:00,1819-08-08 00:00:00,1 days 00:00:00,Independentistas,España,attacker,Colombia
151,Guerras de Independencia de América Latina,CARABOBO,1821-06-25 00:00:00,1821-06-26 00:00:00,1 days 00:00:00,Independentistas,España,attacker,Venezuela
152,Guerras de Independencia de América Latina,BOMBONA,1822-04-07 00:00:00,1822-04-08 00:00:00,1 days 00:00:00,Independentistas,España,attacker,Quito
153,Guerras de Independencia de América Latina,PICHINCHA,1822-05-24 09:00:00,1822-05-24 12:00:00,0 days 03:00:00,España,Independentistas,defender,Quito
154,Guerras de Independencia de América Latina,JUNIN,1824-08-06 00:00:00,1824-08-07 00:00:00,1 days 00:00:00,Independentistas,España,attacker,Perú
155,Guerras de Independencia de América Latina,AYACUCHO,1824-12-09 09:00:00,1824-12-09 19:00:00,0 days 10:00:00,España,Independentistas,defender,Perú
157,Guerra entre Estados Unidos y México,PALO ALTO,1846-05-08 14:30:00,1846-05-08 19:30:00,0 days 05:00:00,EE. UU.,México,attacker,Texas
158,Guerra entre Estados Unidos y México,RESACA DE LA PALMA,1846-05-09 16:00:00,1846-05-09 17:30:00,0 days 01:30:00,EE. UU.,México,attacker,Texas
159,Guerra entre Estados Unidos y México,BUENA VISTA,1847-02-22 15:00:00,1847-02-23 18:45:00,1 days 03:45:00,México,EE. UU.,defender,México
160,Guerra entre Estados Unidos y México,CERRO GORDO,1847-04-17 12:00:00,1847-04-18 12:00:00,1 days 00:00:00,EE. UU.,México,attacker,México
161,Guerra entre Estados Unidos y México,CONTRERAS,1847-08-20 05:45:00,1847-08-20 06:02:00,0 days 00:17:00,EE. UU.,México,attacker,México
162,Guerra entre Estados Unidos y México,CHURUBUSCO,1847-08-20 08:00:00,1847-08-20 15:30:00,0 days 07:30:00,EE. UU.,México,attacker,México
163,Guerra entre Estados Unidos y México,MOLINO DEL REY,1847-09-08 05:00:00,1847-09-08 07:00:00,0 days 02:00:00,EE. UU.,México,attacker,México
164,Guerra entre Estados Unidos y México,CHAPULTEPEC,1847-09-13 05:50:00,1847-09-13 18:50:00,0 days 13:00:00,EE. UU.,México,attacker,México
165,Guerra de Crimea,THE ALMA,1854-09-20 14:30:00,1854-09-20 17:30:00,0 days 03:00:00,Gran Bretaña,Rusia,attacker,Crimea
166,Guerra de Crimea,INKERMAN,1854-11-05 05:45:00,1854-11-05 13:00:00,0 days 07:15:00,Rusia,Gran Bretaña,defender,Crimea
167,Guerra de Austria con Francia y Piamonte,MAGENTA,1859-06-04 10:30:00,1859-06-04 19:30:00,0 days 09:00:00,Francia,Austria,attacker,Lombardía
168,Guerra de Austria con Francia y Piamonte,SOLFERINO,1859-06-24 07:00:00,1859-06-24 18:30:00,0 days 11:30:00,Francia,Austria,attacker,Lombardía
169,Guerra Austro-Prusiana (de las Siete Semanas),SADOWA (KOENIGGRATZ),1866-07-03 09:00:00,1866-07-03 17:00:00,0 days 08:00:00,Prusia,Austria,attacker,Austria
170,Guerra Austro-Italiana,CUSTOZZA II,1866-06-24 08:00:00,1866-06-24 17:00:00,0 days 09:00:00,Italia,Austria,defender,Véneto
171,Guerra Civil Americana,FIRST BULL RUN (MANASSAS),1861-07-21 09:00:00,1861-07-21 16:00:00,0 days 07:00:00,EE. UU.,Confederación,defender,Virginia
172,Guerra Civil Americana,WILSON'S CREEK,1861-08-10 05:30:00,1861-08-10 11:30:00,0 days 06:00:00,EE. UU.,Confederación,defender,Misuri
173,Guerra Civil Americana,BELMONT,1861-11-07 10:30:00,1861-11-07 16:50:00,0 days 06:20:00,EE. UU.,Confederación,attacker,Misuri
174,Guerra Civil Americana,MILL SPRINGS,1862-01-19 05:30:00,1862-01-19 16:00:00,0 days 10:30:00,Confederación,EE. UU.,defender,Kentucky
175,Guerra Civil Americana,FORT DONELSON,1862-02-15 05:50:00,1862-02-15 15:30:00,0 days 09:40:00,Confederación,EE. UU.,defender,Tennessee
176,Guerra Civil Americana,PEA RIDGE,1862-03-07 10:30:00,1862-03-08 11:30:00,1 days 01:00:00,Confederación,EE. UU.,defender,Misuri
177,Guerra Civil Americana,KERNSTOWN,1862-03-23 06:00:00,1862-03-23 18:00:00,0 days 12:00:00,Confederación,EE. UU.,defender,Virginia
178,Guerra Civil Americana,SHILOH,1862-04-06 05:00:00,1862-04-07 16:00:00,1 days 11:00:00,Confederación,EE. UU.,defender,Tennessee
179,Guerra Civil Americana,FRONT ROYAL,1862-05-23 14:00:00,1862-05-23 17:30:00,0 days 03:30:00,Confederación,EE. UU.,attacker,Virginia
180,Guerra Civil Americana,FIRST WINCHESTER,1862-05-25 06:00:00,1862-05-25 07:30:00,0 days 01:30:00,Confederación,EE. UU.,attacker,Virginia
181,Guerra Civil Americana,CROSS KEYS,1862-06-08 09:00:00,1862-06-08 12:00:00,0 days 03:00:00,EE. UU.,Confederación,defender,Virginia
182,Guerra Civil Americana,PORT REPUBLIC,1862-06-09 07:00:00,1862-06-09 11:00:00,0 days 04:00:00,Confederación,EE. UU.,attacker,Virginia
183,Guerra Civil Americana,SEVEN PINES (FAIR OAKS),1862-05-31 13:00:00,1862-06-01 13:30:00,1 days 00:30:00,Confederación,EE. UU.,defender,Virginia
184,Guerra Civil Americana,MECHANICSVILLE,1862-06-26 15:00:00,1862-06-26 21:00:00,0 days 06:00:00,Confederación,EE. UU.,defender,Virginia
185,Guerra Civil Americana,GAINES'S MILL,1862-06-27 12:30:00,1862-06-27 21:00:00,0 days 08:30:00,Confederación,EE. UU.,defender,Virginia
186,Guerra Civil Americana,GLENDALE-FRAYSER'S FARM,1862-06-29 09:00:00,1862-06-30 21:00:00,1 days 12:00:00,Confederación,EE. UU.,defender,Virginia
187,Guerra Civil Americana,MALVERN HILL,1862-07-01 15:00:00,1862-07-01 20:30:00,0 days 05:30:00,Confederación,EE. UU.,defender,Virginia
188,Guerra Civil Americana,CEDAR MOUNTAIN,1862-08-09 15:00:00,1862-08-09 21:30:00,0 days 06:30:00,EE. UU.,Confederación,defender,Virginia
189,Guerra Civil Americana,SECOND BULL RUN (MANASSAS),1862-08-29 05:30:00,1862-08-30 20:00:00,1 days 14:30:00,EE. UU.,Confederación,defender,Virginia
190,Guerra Civil Americana,SOUTH MOUNTAIN,1862-09-14 09:00:00,1862-09-14 22:00:00,0 days 13:00:00,EE. UU.,Confederación,attacker,Maryland
191,Guerra Civil Americana,ANTIETAM (SHARPSBURG),1862-09-17 05:30:00,1862-09-17 16:30:00,0 days 11:00:00,EE. UU.,Confederación,defender,Maryland
192,Guerra Civil Americana,CORINTH,1862-10-03 10:00:00,1862-10-04 13:00:00,1 days 03:00:00,EE. UU.,Confederación,defender,Misisipi
193,Guerra Civil Americana,PERRYVILLE,1862-10-08 14:00:00,1862-10-08 18:00:00,0 days 04:00:00,EE. UU.,Confederación,draw,Kentucky
194,Guerra Civil Americana,FREDERICKSBURG,1862-12-13 11:00:00,1862-12-13 16:00:00,0 days 05:00:00,EE. UU.,Confederación,defender,Virginia
195,Guerra Civil Americana,MURFREESBORO (STONE'S RIVER),1862-12-31 07:00:00,1863-01-02 22:00:00,2 days 15:00:00,Confederación,EE. UU.,draw,Tennessee
196,Guerra Civil Americana,CHANCELLORSVILLE,1863-05-01 11:15:00,1863-05-04 20:30:00,3 days 09:15:00,EE. UU.,Confederación,defender,Virginia
197,Guerra Civil Americana,CHAMPION'S HILL,1863-05-16 10:30:00,1863-05-16 16:00:00,0 days 05:30:00,EE. UU.,Confederación,attacker,Misisipi
198,Guerra Civil Americana,BRANDY STATION,1863-06-09 04:00:00,1863-06-09 16:00:00,0 days 12:00:00,EE. UU.,Confederación,attacker,Virginia
199,Guerra Civil Americana,GETTYSBURG,1863-07-01 10:00:00,1863-07-03 15:00:00,2 days 05:00:00,Confederación,EE. UU.,defender,Pensilvania
200,Guerra Civil Americana,CHICKAMAUGA,1863-09-19 05:30:00,1863-09-20 19:00:00,1 days 13:30:00,Confederación,EE. UU.,attacker,Georgia
201,Guerra Civil Americana,CHATTANOOGA,1863-11-24 10:00:00,1863-11-25 18:00:00,1 days 08:00:00,EE. UU.,Confederación,attacker,Tennessee
202,Guerra Civil Americana,THE WILDERNESS,1864-05-05 07:15:00,1864-05-06 20:00:00,1 days 12:45:00,EE. UU.,Confederación,defender,Virginia
203,Guerra Civil Americana,SPOTSYLVANIA,1864-05-08 00:00:00,1864-05-19 00:00:00,11 days 00:00:00,EE. UU.,Confederación,defender,Virginia
204,Guerra Civil Americana,NEW MARKET,1864-05-15 05:00:00,1864-05-15 16:00:00,0 days 11:00:00,Confederación,EE. UU.,attacker,Virginia
205,Guerra Civil Americana,COLD HARBOR,1864-06-03 04:30:00,1864-06-03 13:30:00,0 days 09:00:00,EE. UU.,Confederación,defender,Virginia
206,Guerra Civil Americana,KENESAW MOUNTAIN,1864-06-27 09:00:00,1864-06-27 11:30:00,0 days 02:30:00,EE. UU.,Confederación,defender,Georgia
207,Guerra Civil Americana,PEACHTREE CREEK,1864-07-20 15:00:00,1864-07-20 18:00:00,0 days 03:00:00,Confederación,EE. UU.,defender,Georgia
208,Guerra Civil Americana,ATLANTA,1864-07-22 12:30:00,1864-07-22 19:30:00,0 days 07:00:00,Confederación,EE. UU.,defender,Georgia
209,Guerra Civil Americana,PETERSBURG,1864-06-15 19:00:00,1864-06-18 20:30:00,3 days 01:30:00,EE. UU.,Confederación,defender,Virginia
210,Guerra Civil Americana,GLOBE TAVERN,1864-08-18 00:00:00,1864-08-22 00:00:00,4 days 00:00:00,EE. UU.,Confederación,attacker,Virginia
211,Guerra Civil Americana,OPEQUON CREEK (THIRD WINCHESTER),1864-09-19 05:00:00,1864-09-19 17:00:00,0 days 12:00:00,EE. UU.,Confederación,attacker,Virginia
212,Guerra Civil Americana,CEDAR CREEK,1864-10-19 05:30:00,1864-10-19 18:00:00,0 days 12:30:00,Confederación,EE. UU.,defender,Virginia
213,Guerra Civil Americana,FRANKLIN,1864-11-30 15:30:00,1864-11-30 23:00:00,0 days 07:30:00,Confederación,EE. UU.,defender,Tennessee
214,Guerra Civil Americana,NASHVILLE,1864-12-15 08:00:00,1864-12-16 16:45:00,1 days 08:45:00,EE. UU.,Confederación,attacker,Tennessee
215,Guerra Civil Americana,BENTONVILLE,1865-03-19 06:00:00,1865-03-21 08:00:00,2 days 02:00:00,Confederación,EE. UU.,defender,Carolina del Norte
216,Guerra Civil Americana,DINWIDDIE COURTHOUSE & WHITE OAK ROAD,1865-03-29 00:00:00,1865-04-01 00:00:00,3 days 00:00:00,EE. UU.,Confederación,draw,Virginia
217,Guerra Civil Americana,FIVE FORKS,1865-04-01 16:00:00,1865-04-01 19:30:00,0 days 03:30:00,EE. UU.,Confederación,attacker,Virginia
218,Guerra Civil Americana,SELMA,1865-04-02 00:00:00,1865-04-03 00:00:00,1 days 00:00:00,EE. UU.,Confederación,attacker,Alabama
219,Guerra Civil Americana,SAYLOR'S CREEK,1865-04-06 08:30:00,1865-04-06 19:30:00,0 days 11:00:00,EE. UU.,Confederación,attacker,Virginia
220,Guerra Franco-Prusiana,WEISSENBURG,1870-08-04 08:30:00,1870-08-04 15:00:00,0 days 06:30:00,Alemania,Francia,attacker,Francia
221,Guerra Franco-Prusiana,FROESCHWILLER,1870-08-06 08:00:00,1870-08-06 17:00:00,0 days 09:00:00,Alemania,Francia,attacker,Francia
222,Guerra Franco-Prusiana,SPICHERN,1870-08-06 05:00:00,1870-08-06 18:00:00,0 days 13:00:00,Alemania,Francia,attacker,Francia
223,Guerra Franco-Prusiana,MARS LA TOUR,1870-08-16 10:00:00,1870-08-16 22:00:00,0 days 12:00:00,Alemania,Francia,attacker,Francia
224,Guerra Franco-Prusiana,GRAVELOTTE-ST. PRIVAT,1870-08-18 11:30:00,1870-08-18 20:00:00,0 days 08:30:00,Alemania,Francia,attacker,Francia
225,Guerra Franco-Prusiana,SEDAN,1870-09-01 04:00:00,1870-09-01 17:00:00,0 days 13:00:00,Alemania,Francia,attacker,Francia
226,Guerra Franco-Prusiana,COULMIERS,1870-11-09 09:00:00,1870-11-09 16:00:00,0 days 07:00:00,Francia,Alemania,attacker,Francia
227,Guerra Franco-Prusiana,ORLEANS,1870-12-02 00:00:00,1870-12-05 00:00:00,3 days 00:00:00,Alemania,Francia,attacker,Francia
228,Guerra Franco-Prusiana,LE MANS,1871-01-11 09:00:00,1871-01-12 17:00:00,1 days 08:00:00,Alemania,Francia,attacker,Francia
229,Guerra Franco-Prusiana,BELFORT,1871-01-15 00:00:00,1871-01-18 00:00:00,3 days 00:00:00,Francia,Alemania,defender,Francia
232,Revuelta de Transvaal,MAJUBA HILL,1881-02-27 12:30:00,1881-02-27 13:30:00,0 days 01:00:00,República de Sudáfrica,Gran Bretaña,attacker,Transvaal
233,Egipto y el Sudán,TEL EL-KEBIR,1882-09-13 04:55:00,1882-09-13 07:00:00,0 days 02:05:00,Gran Bretaña,Egipto,attacker,Egipto
236,Guerra de los Bóers,MODDER RIVER,1899-11-28 05:30:00,1899-11-28 15:30:00,0 days 10:00:00,Gran Bretaña,República de Sudáfrica,attacker,Sudáfrica
237,Guerra de los Bóers,MAGERSFONTEIN,1899-12-11 05:00:00,1899-12-11 14:00:00,0 days 09:00:00,Gran Bretaña,República de Sudáfrica,defender,Sudáfrica
238,Guerra de los Bóers,COLENSO,1899-12-15 06:30:00,1899-12-15 17:00:00,0 days 10:30:00,Gran Bretaña,República de Sudáfrica,defender,Sudáfrica
239,Guerra de los Bóers,SPION KOP,1900-01-24 08:00:00,1900-01-24 19:00:00,0 days 11:00:00,Gran Bretaña,República de Sudáfrica,defender,Sudáfrica
240,Guerra de los Bóers,PAARDEBURG,1900-02-18 08:00:00,1900-02-18 19:00:00,0 days 11:00:00,Gran Bretaña,República de Sudáfrica,draw,Sudáfrica
241,Guerra Hispanoamericana,SAN JUAN HILL AND EL CANEY,1898-07-01 06:30:00,1898-07-01 17:00:00,0 days 10:30:00,EE. UU.,España,attacker,Cuba
242,Guerra Ruso-Japonesa,THE YALU,1904-04-30 04:00:00,1904-05-01 13:00:00,1 days 09:00:00,Japón,Rusia,attacker,Corea
243,Guerra Ruso-Japonesa,TELISSU,1904-06-14 12:00:00,1904-06-15 15:00:00,1 days 03:00:00,Japón,Rusia,attacker,Manchuria
244,Guerra Ruso-Japonesa,LIAOYANG,1904-08-25 00:00:00,1904-09-04 00:00:00,10 days 00:00:00,Japón,Rusia,attacker,Manchuria
245,Guerra Ruso-Japonesa,THE SHA-HO,1904-10-05 00:00:00,1904-10-19 00:00:00,14 days 00:00:00,Rusia,Japón,defender,Manchuria
246,Guerra Ruso-Japonesa,SANDEPU,1905-01-26 10:30:00,1905-01-27 21:30:00,1 days 11:00:00,Rusia,Japón,defender,Manchuria
247,Guerra Ruso-Japonesa,MUKDEN,1905-02-21 00:00:00,1905-03-11 00:00:00,18 days 00:00:00,Japón,Rusia,attacker,Manchuria
248,Las Guerras de los Balcanes,KUMANOVO,1912-10-23 05:30:00,1912-10-24 12:30:00,1 days 07:00:00,Serbia,Imperio Otomano,attacker,Turquía Europea
250,Las Guerras de los Balcanes,PRELIP,1912-11-01 00:00:00,1912-11-03 00:00:00,2 days 00:00:00,Serbia,Imperio Otomano,attacker,Turquía Europea
251,Las Guerras de los Balcanes,MONASTIR,1912-11-05 00:00:00,1912-11-06 00:00:00,1 days 00:00:00,Serbia,Imperio Otomano,attacker,Turquía Europea
256,Incidente de Manchuria (1938-1939),CHANGKUFENG-SHACHAOFENG,1938-07-31 02:00:00,1938-07-31 08:00:00,0 days 06:00:00,Japón,URSS,attacker,Manchuria
257,Incidente de Manchuria (1938-1939),HILL 52-SHACHAOFENG,1938-08-02 08:00:00,1938-08-03 06:30:00,0 days 22:30:00,URSS,Japón,defender,Manchuria
258,Incidente de Manchuria (1938-1939),CHANGKUFENG-HILL 52,1938-08-06 00:00:00,1938-08-11 00:00:00,5 days 00:00:00,URSS,Japón,defender,Manchuria
259,Incidente de Manchuria (1938-1939),NOMONHAN-OPENING ENGAGEMENT,1939-05-28 00:00:00,1939-05-30 00:00:00,2 days 00:00:00,Japón,URSS,draw,Manchuria
260,Incidente de Manchuria (1938-1939),NOMONHAN-SOVIET COUNTEROFFENSIVE,1939-08-20 00:00:00,1939-09-01 00:00:00,12 days 00:00:00,URSS,Japón,attacker,Manchuria
262,Primera Guerra Mundial (Frente Occidental 1914),ALSACE-LORRAINE I,1914-08-15 00:00:00,1914-08-20 00:00:00,5 days 00:00:00,Francia,Alemania,defender,Alemania
263,Primera Guerra Mundial (Frente Occidental 1914),ALSACE-LORRAINE II,1914-08-20 00:00:00,1914-08-22 00:00:00,2 days 00:00:00,Alemania,Francia,attacker,Alemania y Francia
264,Primera Guerra Mundial (Frente Occidental 1914),THE ARDENNES,1914-08-22 00:00:00,1914-08-24 00:00:00,2 days 00:00:00,Francia,Alemania,defender,Francia
265,Primera Guerra Mundial (Frente Occidental 1914),THE SAMBRE,1914-08-22 00:00:00,1914-08-24 00:00:00,2 days 00:00:00,Alemania,Francia,attacker,Bélgica
266,Primera Guerra Mundial (Frente Occidental 1914),MONS,1914-08-23 09:00:00,1914-08-23 23:00:00,0 days 14:00:00,Alemania,Gran Bretaña,attacker,Bélgica
267,Primera Guerra Mundial (Frente Occidental 1914),LE CATEAU,1914-08-26 06:00:00,1914-08-26 18:00:00,0 days 12:00:00,Alemania,Gran Bretaña,attacker,Francia
268,Primera Guerra Mundial (Frente Occidental 1914),GUISE,1914-08-29 09:00:00,1914-08-29 23:00:00,0 days 14:00:00,Alemania,Francia,draw,Francia
269,Primera Guerra Mundial (Frente Occidental 1914),HEIGHTS OF NANCY,1914-09-03 00:00:00,1914-09-08 00:00:00,5 days 00:00:00,Alemania,Francia,defender,Francia
270,Primera Guerra Mundial (Frente Occidental 1914),OURCQ I,1914-09-05 00:00:00,1914-09-06 00:00:00,1 days 00:00:00,Francia,Alemania,draw,Francia
271,Primera Guerra Mundial (Frente Occidental 1914),OURCQ II,1914-09-06 00:00:00,1914-09-10 00:00:00,4 days 00:00:00,Francia,Alemania,draw,Francia
272,Primera Guerra Mundial (Frente Occidental 1914),PETIT MORIN,1914-09-06 00:00:00,1914-09-10 00:00:00,4 days 00:00:00,Francia,Alemania,attacker,Francia
273,Primera Guerra Mundial (Frente Occidental 1914),TWO MORINS,1914-09-06 00:00:00,1914-09-10 00:00:00,4 days 00:00:00,Gran Bretaña,Alemania,attacker,Francia
274,Primera Guerra Mundial (Frente Occidental 1914),MARSHES OF ST.GOND,1914-09-06 00:00:00,1914-09-10 00:00:00,4 days 00:00:00,Alemania,Francia,defender,Francia
275,Primera Guerra Mundial (Frente Occidental 1914),VITRY LE FRANCOIS,1914-09-06 00:00:00,1914-09-10 00:00:00,4 days 00:00:00,Alemania,Francia,defender,Francia
276,Primera Guerra Mundial (Frente Occidental 1914),GAP OF REVIGNY,1914-09-06 00:00:00,1914-09-10 00:00:00,4 days 00:00:00,Alemania,Francia,defender,Francia
277,Primera Guerra Mundial (Frente Occidental 1914),THE AISNE,1914-09-13 00:00:00,1914-09-19 00:00:00,6 days 00:00:00,Francia,Alemania,defender,Francia
278,Primera Guerra Mundial (Frente Oriental 1914),STALLUPONEN,1914-08-17 11:00:00,1914-08-17 20:00:00,0 days 09:00:00,Rusia,Alemania,defender,Alemania
279,Primera Guerra Mundial (Frente Oriental 1914),GUMBINNEN,1914-08-20 04:00:00,1914-08-20 16:00:00,0 days 12:00:00,Alemania,Rusia,draw,Alemania
280,Primera Guerra Mundial (Frente Oriental 1914),TANNENBERG,1914-08-26 00:00:00,1914-08-30 00:00:00,4 days 00:00:00,Alemania,Rusia,attacker,Alemania
281,Primera Guerra Mundial (Frente Oriental 1914),MASURIAN LAKES,1914-09-09 00:00:00,1914-09-14 00:00:00,5 days 00:00:00,Alemania,Rusia,attacker,Alemania
282,Primera Guerra Mundial (Frente Oriental 1914),KRASNIK,1914-08-23 00:00:00,1914-08-26 00:00:00,3 days 00:00:00,Austria,Rusia,attacker,Polonia Rusa
283,Primera Guerra Mundial (Frente Oriental 1914),KOMAROV,1914-08-26 00:00:00,1914-08-31 00:00:00,5 days 00:00:00,Austria,Rusia,attacker,Polonia Rusa
284,Primera Guerra Mundial (Frente Oriental 1914),GNILA LIPA,1914-08-26 00:00:00,1914-08-31 00:00:00,5 days 00:00:00,Austria,Rusia,defender,Galicia Austríaca
285,Primera Guerra Mundial (Frente Oriental 1914),RAVA RUSSKA,1914-09-03 00:00:00,1914-09-11 00:00:00,8 days 00:00:00,Austria,Rusia,defender,Galicia Austríaca
286,Primera Guerra Mundial (Frente Oriental 1914),LODZ,1914-11-12 00:00:00,1914-11-25 00:00:00,13 days 00:00:00,Alemania,Rusia,attacker,Polonia Rusa
287,Primera Guerra Mundial (Frente Serbio 1914),THE JADAR,1914-08-12 00:00:00,1914-08-20 00:00:00,8 days 00:00:00,Austria,Serbia,defender,Serbia
288,Primera Guerra Mundial (Frente Serbio 1914),THE KOLUBRA,1914-12-03 00:00:00,1914-12-10 00:00:00,7 days 00:00:00,Serbia,Austria,attacker,Serbia
289,Primera Guerra Mundial,EASTERN CHAMPAGNE,1915-02-15 00:00:00,1915-03-17 00:00:00,30 days 00:00:00,Francia,Alemania,defender,Francia
290,Primera Guerra Mundial,NEUVE CHAPELLE,1915-03-10 08:30:00,1915-03-13 10:30:00,3 days 02:00:00,Gran Bretaña,Alemania,defender,Francia
291,Primera Guerra Mundial,YPRES II,1915-04-22 00:00:00,1915-05-25 00:00:00,33 days 00:00:00,Alemania,Gran Bretaña,defender,Francia
292,Primera Guerra Mundial,FESTUBERT,1915-05-16 00:00:00,1915-05-27 00:00:00,11 days 00:00:00,Gran Bretaña,Alemania,defender,Francia
293,Primera Guerra Mundial,LOOS,1915-09-25 00:00:00,1915-10-15 00:00:00,20 days 00:00:00,Gran Bretaña,Alemania,defender,Francia
294,Primera Guerra Mundial,WINTER BATTLE (MASURIA),1915-02-07 00:00:00,1915-02-22 00:00:00,15 days 00:00:00,Alemania,Rusia,attacker,Alemania y Polonia Rusa
295,Primera Guerra Mundial,GOLICE-TARNOW (OPENING PHASE),1915-05-02 00:00:00,1915-05-05 00:00:00,3 days 00:00:00,Alemania,Rusia,attacker,Galicia Austríaca
296,Primera Guerra Mundial (Frente Italiano 1915),FIRST ISONZO,1915-06-23 00:00:00,1915-07-08 00:00:00,15 days 00:00:00,Italia,Austria,defender,Austria
297,Primera Guerra Mundial (Frente Italiano 1915),SECOND ISONZO,1915-07-18 00:00:00,1915-08-04 00:00:00,17 days 00:00:00,Italia,Austria,defender,Austria
298,Primera Guerra Mundial (Frente Italiano 1915),THIRD ISONZO,1915-10-18 00:00:00,1915-11-05 00:00:00,18 days 00:00:00,Italia,Austria,defender,Austria
299,Primera Guerra Mundial (Frente Italiano 1915),FOURTH ISONZO,1915-11-10 00:00:00,1915-12-03 00:00:00,23 days 00:00:00,Italia,Austria,defender,Austria
300,Primera Guerra Mundial (Frentes Turcos 1915),FIRST DARDANELLES LANDING,1915-04-25 04:30:00,1915-04-25 22:00:00,0 days 17:30:00,Gran Bretaña,Imperio Otomano,draw,Turquía
301,Primera Guerra Mundial (Frentes Turcos 1915),SUVLA BAY,1915-08-07 00:00:00,1915-08-11 00:00:00,4 days 00:00:00,Gran Bretaña,Imperio Otomano,defender,Turquía
302,Primera Guerra Mundial (Frentes Turcos 1915),KUT-EL-AMARA,1915-09-27 00:00:00,1915-09-29 00:00:00,2 days 00:00:00,Gran Bretaña,Imperio Otomano,attacker,Mesopotamia
303,Primera Guerra Mundial (Frentes Turcos 1915),CTESIPHON,1915-11-22 00:00:00,1915-11-25 00:00:00,3 days 00:00:00,Gran Bretaña,Imperio Otomano,defender,Mesopotamia
304,Primera Guerra Mundial,FIRST SOMME,1916-07-01 00:00:00,1916-11-25 00:00:00,147 days 00:00:00,Gran Bretaña,Alemania,defender,Francia
305,Primera Guerra Mundial,SOMME-FOURTH ARMY ATTACK,1916-07-01 07:30:00,1916-07-01 20:30:00,0 days 13:00:00,Gran Bretaña,Alemania,defender,Francia
306,Primera Guerra Mundial,SOMME-OVILLERS,1916-07-01 07:30:00,1916-07-01 19:30:00,0 days 12:00:00,Gran Bretaña,Alemania,defender,Francia
307,Primera Guerra Mundial,SOMME-BAZENTIN RIDGE,1916-07-14 03:30:00,1916-07-14 20:00:00,0 days 16:30:00,Gran Bretaña,Alemania,draw,Francia
308,Primera Guerra Mundial,SOMME-FLERS-COURCELETTE,1916-09-15 06:20:00,1916-09-15 21:25:00,0 days 15:05:00,Gran Bretaña,Alemania,attacker,Francia
309,Primera Guerra Mundial,CAUCASUS WINTER OFFENSIVE,1916-01-10 00:00:00,1916-01-17 00:00:00,7 days 00:00:00,Rusia,Imperio Otomano,attacker,Turquía
310,Primera Guerra Mundial,LAKE NAROTCH,1916-03-18 00:00:00,1916-03-27 00:00:00,9 days 00:00:00,Rusia,Alemania,defender,Polonia Rusa
311,Primera Guerra Mundial,1916 BRUSILOV OFFENSIVE,1916-06-04 00:00:00,1916-07-08 00:00:00,34 days 00:00:00,Rusia,Austria,attacker,Galicia Austríaca
312,Primera Guerra Mundial,FIFTH ISONZO,1916-03-11 00:00:00,1916-03-16 00:00:00,5 days 00:00:00,Italia,Austria,defender,Austria
313,Primera Guerra Mundial,ASIAGO,1916-05-15 00:00:00,1916-06-11 00:00:00,27 days 00:00:00,Austria,Italia,attacker,Austria e Italia
314,Primera Guerra Mundial,TRENTINO COUNTER-OFFENSIVE,1916-06-16 00:00:00,1916-07-10 00:00:00,24 days 00:00:00,Italia,Austria,attacker,Austria e Italia
315,Primera Guerra Mundial,SIXTH ISONZO (GORIZIA),1916-08-06 00:00:00,1916-08-18 00:00:00,12 days 00:00:00,Italia,Austria,attacker,Austria
316,Primera Guerra Mundial,ARRAS,1917-04-09 00:00:00,1917-04-24 00:00:00,15 days 00:00:00,Gran Bretaña,Alemania,draw,Francia
317,Primera Guerra Mundial,AISNE II,1917-04-16 00:00:00,1917-05-01 00:00:00,15 days 00:00:00,Francia,Alemania,defender,Francia
318,Primera Guerra Mundial,MESSINES,1917-06-07 00:00:00,1917-06-15 00:00:00,8 days 00:00:00,Gran Bretaña,Alemania,attacker,Bélgica
319,Primera Guerra Mundial,YPRES III,1917-07-31 00:00:00,1917-12-08 00:00:00,130 days 00:00:00,Gran Bretaña,Alemania,defender,Bélgica
320,Primera Guerra Mundial,CAMBRAI I,1917-11-20 00:00:00,1917-11-27 00:00:00,7 days 00:00:00,Gran Bretaña,Alemania,attacker,Francia
321,Primera Guerra Mundial,CAMBRAI II,1917-11-30 00:00:00,1917-12-04 00:00:00,4 days 00:00:00,Alemania,Gran Bretaña,attacker,Francia
322,Primera Guerra Mundial,TENTH ISONZO,1917-05-12 00:00:00,1917-06-06 00:00:00,25 days 00:00:00,Italia,Austria,attacker,Austria
323,Primera Guerra Mundial,ELEVENTH ISONZO,1917-08-18 00:00:00,1917-09-16 00:00:00,29 days 00:00:00,Italia,Austria,attacker,Austria
324,Primera Guerra Mundial,CAPORETTO (TWELFTH ISONZO),1917-10-24 00:00:00,1917-11-24 00:00:00,31 days 00:00:00,Alemania,Italia,attacker,Austria e Italia
325,Primera Guerra Mundial (Frentes Turcos 1917),TIGRIS CROSSING,1917-02-22 10:00:00,1917-02-24 19:00:00,2 days 09:00:00,Gran Bretaña,Imperio Otomano,attacker,Mesopotamia
326,Primera Guerra Mundial (Frentes Turcos 1917),GAZA I,1917-03-26 11:45:00,1917-03-27 20:00:00,1 days 08:15:00,Gran Bretaña,Imperio Otomano,defender,Palestina
327,Primera Guerra Mundial (Frentes Turcos 1917),GAZA II,1917-04-17 04:15:00,1917-04-19 17:00:00,2 days 12:45:00,Gran Bretaña,Imperio Otomano,defender,Palestina
328,Primera Guerra Mundial (Frentes Turcos 1917),GAZA III,1917-10-31 00:00:00,1917-11-07 00:00:00,7 days 00:00:00,Gran Bretaña,Imperio Otomano,attacker,Palestina
329,Primera Guerra Mundial (Frentes Turcos 1917),JUNCTION STATION,1917-11-13 00:00:00,1917-11-15 00:00:00,2 days 00:00:00,Gran Bretaña,Imperio Otomano,attacker,Palestina
330,Primera Guerra Mundial (Frente Occidental 1918),SECOND SOMME-PHASE I (SOMME-PERONNE),1918-03-21 00:00:00,1918-03-27 00:00:00,6 days 00:00:00,Alemania,Gran Bretaña,attacker,Francia
331,Primera Guerra Mundial (Frente Occidental 1918),SECOND SOMME-PHASE II (SOMME-MONTDIDIER),1918-03-27 00:00:00,1918-04-10 00:00:00,14 days 00:00:00,Alemania,Gran Bretaña,draw,Francia
332,Primera Guerra Mundial (Frente Occidental 1918),LYS,1918-04-09 00:00:00,1918-05-01 00:00:00,22 days 00:00:00,Alemania,Gran Bretaña,attacker,Francia
333,Primera Guerra Mundial (Frente Occidental 1918),YVONNE & ODETTE POSITIONS (SECTOR TOULON),1918-04-14 00:30:00,1918-04-14 02:30:00,0 days 02:00:00,Alemania,EE. UU.,attacker,Francia
334,Primera Guerra Mundial (Frente Occidental 1918),CHEMIN-DES-DAMES,1918-05-27 00:00:00,1918-06-04 00:00:00,8 days 00:00:00,Alemania,Francia,defender,Francia
335,Primera Guerra Mundial (Frente Occidental 1918),CANTIGNY,1918-05-28 06:45:00,1918-05-28 19:00:00,0 days 12:15:00,EE. UU.,Alemania,attacker,Francia
336,Primera Guerra Mundial (Frente Occidental 1918),BELLEAU WOOD,1918-06-06 03:45:00,1918-06-06 21:00:00,0 days 17:15:00,EE. UU.,Alemania,draw,Francia
337,Primera Guerra Mundial (Frente Occidental 1918),HILL 142,1918-06-06 03:45:00,1918-06-06 12:30:00,0 days 08:45:00,EE. UU.,Alemania,attacker,Francia
338,Primera Guerra Mundial (Frente Occidental 1918),WEST WOOD I,1918-06-06 17:00:00,1918-06-06 21:00:00,0 days 04:00:00,EE. UU.,Alemania,defender,Francia
339,Primera Guerra Mundial (Frente Occidental 1918),BOURESCHES I,1918-06-06 17:00:00,1918-06-06 21:30:00,0 days 04:30:00,EE. UU.,Alemania,draw,Francia
340,Primera Guerra Mundial (Frente Occidental 1918),HILL 192,1918-06-06 17:00:00,1918-06-07 03:00:00,0 days 10:00:00,EE. UU.,Alemania,defender,Francia
341,Primera Guerra Mundial (Frente Occidental 1918),WEST WOOD II,1918-06-11 04:30:00,1918-06-11 09:00:00,0 days 04:30:00,EE. UU.,Alemania,attacker,Francia
342,Primera Guerra Mundial (Frente Occidental 1918),NORTH WOOD I (HUNTING LODGE),1918-06-12 17:30:00,1918-06-12 20:30:00,0 days 03:00:00,EE. UU.,Alemania,attacker,Francia
343,Primera Guerra Mundial (Frente Occidental 1918),BOURESCHES II,1918-06-13 03:00:00,1918-06-13 05:30:00,0 days 02:30:00,Alemania,EE. UU.,defender,Francia
344,Primera Guerra Mundial (Frente Occidental 1918),NORTH WOOD II,1918-06-21 03:15:00,1918-06-21 04:30:00,0 days 01:15:00,EE. UU.,Alemania,defender,Francia
345,Primera Guerra Mundial (Frente Occidental 1918),NORTH WOOD III,1918-06-23 19:00:00,1918-06-23 23:20:00,0 days 04:20:00,EE. UU.,Alemania,defender,Francia
346,Primera Guerra Mundial (Frente Occidental 1918),NORTH WOOD IV (FINAL ASSAULT),1918-06-25 17:00:00,1918-06-26 06:00:00,0 days 13:00:00,EE. UU.,Alemania,attacker,Francia
347,Primera Guerra Mundial (Frente Occidental 1918),VAUX,1918-07-01 17:00:00,1918-07-02 02:30:00,0 days 09:30:00,EE. UU.,Alemania,attacker,Francia
348,Primera Guerra Mundial (Frente Occidental 1918),LA ROCHE WOOD EAST,1918-07-01 18:00:00,1918-07-02 02:30:00,0 days 08:30:00,EE. UU.,Alemania,attacker,Francia
349,Primera Guerra Mundial (Frente Occidental 1918),LA ROCHE WOOD WEST,1918-07-01 17:00:00,1918-07-02 03:00:00,0 days 10:00:00,EE. UU.,Alemania,attacker,Francia
350,Primera Guerra Mundial (Frente Occidental 1918),NOYON-MONTDIDIER,1918-06-09 00:00:00,1918-06-14 00:00:00,5 days 00:00:00,Alemania,Francia,defender,Francia
351,Primera Guerra Mundial (Frente Occidental 1918),CHAMPAGNE-MARNE,1918-07-15 00:00:00,1918-07-18 00:00:00,3 days 00:00:00,Alemania,Francia,defender,Francia
352,Primera Guerra Mundial (Frente Occidental 1918),AISNE-MARNE I,1918-07-18 00:00:00,1918-07-20 00:00:00,2 days 00:00:00,Francia,Alemania,attacker,Francia
353,Primera Guerra Mundial (Frente Occidental 1918),MISSY AUX BOIS RAVINE,1918-07-18 04:35:00,1918-07-18 16:00:00,0 days 11:25:00,EE. UU.,Alemania,attacker,Francia
354,Primera Guerra Mundial (Frente Occidental 1918),BREUIL,1918-07-18 04:35:00,1918-07-18 16:00:00,0 days 11:25:00,EE. UU.,Alemania,attacker,Francia
355,Primera Guerra Mundial (Frente Occidental 1918),ST. AMAND FARM,1918-07-18 04:35:00,1918-07-18 09:30:00,0 days 04:55:00,EE. UU.,Alemania,attacker,Francia
356,Primera Guerra Mundial (Frente Occidental 1918),BEAUREPAIRE FARM,1918-07-18 04:35:00,1918-07-18 09:30:00,0 days 04:55:00,EE. UU.,Alemania,attacker,Francia
357,Primera Guerra Mundial (Frente Occidental 1918),CRAVANCON FERME-CHAUDUN,1918-07-18 04:35:00,1918-07-18 11:00:00,0 days 06:25:00,EE. UU.,Alemania,attacker,Francia
358,Primera Guerra Mundial (Frente Occidental 1918),CHAUDUN,1918-07-18 04:35:00,1918-07-18 08:00:00,0 days 03:25:00,EE. UU.,Alemania,attacker,Francia
359,Primera Guerra Mundial (Frente Occidental 1918),AISNE-MARNE II,1918-07-20 00:00:00,1918-08-02 00:00:00,13 days 00:00:00,EE. UU.,Alemania,attacker,Francia
360,Primera Guerra Mundial (Frente Occidental 1918),BERZY LE SEC,1918-07-21 08:30:00,1918-07-21 09:15:00,0 days 00:45:00,EE. UU.,Alemania,attacker,Francia
361,Primera Guerra Mundial (Frente Occidental 1918),BUZANCY RIDGE,1918-07-21 00:00:00,1918-07-22 00:00:00,1 days 00:00:00,EE. UU.,Alemania,attacker,Francia
362,Primera Guerra Mundial (Frente Occidental 1918),"PICARDY 1918, I",1918-08-08 00:00:00,1918-08-12 00:00:00,4 days 00:00:00,EE. UU.,Alemania,attacker,Francia
363,Primera Guerra Mundial (Frente Occidental 1918),"PICARDY 1918, II",1918-08-21 00:00:00,1918-09-05 00:00:00,15 days 00:00:00,EE. UU.,Alemania,attacker,Francia
364,Primera Guerra Mundial (Frente Occidental 1918),ST. MIHIEL,1918-09-12 00:00:00,1918-09-16 00:00:00,4 days 00:00:00,EE. UU.,Alemania,attacker,Francia
365,Primera Guerra Mundial (Frente Occidental 1918),LAHAYVILLE-BOIS DE LAMARCHE,1918-09-12 05:00:00,1918-09-12 17:30:00,0 days 12:30:00,EE. UU.,Alemania,attacker,Francia
366,Primera Guerra Mundial (Frente Occidental 1918),MEUSE-ARGONNE I,1918-09-26 00:00:00,1918-10-04 00:00:00,8 days 00:00:00,EE. UU.,Alemania,attacker,Francia
367,Primera Guerra Mundial (Frente Occidental 1918),BLANC MONT I,1918-10-03 00:00:00,1918-10-07 00:00:00,4 days 00:00:00,EE. UU.,Alemania,attacker,Francia
368,Primera Guerra Mundial (Frente Occidental 1918),MEDEAH FARM,1918-10-03 05:50:00,1918-10-03 08:40:00,0 days 02:50:00,EE. UU.,Alemania,attacker,Francia
369,Primera Guerra Mundial (Frente Occidental 1918),ESSEN HOOK,1918-10-03 00:00:00,1918-10-04 00:00:00,1 days 00:00:00,EE. UU.,Alemania,attacker,Francia
370,Primera Guerra Mundial (Frente Occidental 1918),BLANC MONT RIDGE,1918-10-03 05:50:00,1918-10-03 09:30:00,0 days 03:40:00,EE. UU.,Alemania,attacker,Francia
371,Primera Guerra Mundial (Frente Occidental 1918),SOMMEPY WOOD,1918-10-03 05:50:00,1918-10-03 09:30:00,0 days 03:40:00,EE. UU.,Alemania,attacker,Francia
372,Primera Guerra Mundial (Frente Occidental 1918),BLANC MONT II,1918-10-08 00:00:00,1918-10-09 00:00:00,1 days 00:00:00,EE. UU.,Alemania,draw,Francia
373,Primera Guerra Mundial (Frente Occidental 1918),MEUSE-ARGONNE II,1918-10-04 00:00:00,1918-11-01 00:00:00,28 days 00:00:00,EE. UU.,Alemania,attacker,Francia
374,Primera Guerra Mundial (Frente Occidental 1918),EXERMONT-MONTREFAGNE,1918-10-04 05:30:00,1918-10-04 18:30:00,0 days 13:00:00,EE. UU.,Alemania,draw,Francia
375,Primera Guerra Mundial (Frente Occidental 1918),MAYACHE RAVINE,1918-10-04 05:30:00,1918-10-04 17:30:00,0 days 12:00:00,EE. UU.,Alemania,draw,Francia
376,Primera Guerra Mundial (Frente Occidental 1918),LA NEUVILLE LE COMTE FERME,1918-10-04 00:00:00,1918-10-05 00:00:00,1 days 00:00:00,EE. UU.,Alemania,attacker,Francia
377,Primera Guerra Mundial (Frente Occidental 1918),FERME DES GRANGES-FLEVILLE,1918-10-04 05:30:00,1918-10-04 07:00:00,0 days 01:30:00,EE. UU.,Alemania,attacker,Francia
378,Primera Guerra Mundial (Frente Occidental 1918),HILL 212,1918-10-05 06:30:00,1918-10-05 17:30:00,0 days 11:00:00,EE. UU.,Alemania,attacker,Francia
379,Primera Guerra Mundial (Frente Occidental 1918),BOIS DE BOYON-MONTREFAGNE,1918-10-05 00:00:00,1918-10-06 00:00:00,1 days 00:00:00,EE. UU.,Alemania,attacker,Francia
380,Primera Guerra Mundial (Frente Occidental 1918),HILL 272,1918-10-09 08:30:00,1918-10-09 11:00:00,0 days 02:30:00,EE. UU.,Alemania,attacker,Francia
381,Primera Guerra Mundial (Frente Occidental 1918),MEUSE-ARGONNE III,1918-11-01 00:00:00,1918-11-12 00:00:00,11 days 00:00:00,Francia,Alemania,attacker,Francia
382,Primera Guerra Mundial (Frente Occidental 1918),REMILLY-AILLICOURT,1918-11-07 02:00:00,1918-11-07 06:00:00,0 days 04:00:00,EE. UU.,Alemania,attacker,Francia
383,Primera Guerra Mundial (Frente Occidental 1918),HILL 252-PONT MAUGIS,1918-11-07 07:30:00,1918-11-07 11:00:00,0 days 03:30:00,EE. UU.,Alemania,attacker,Francia
384,Primera Guerra Mundial,THE PIAVE,1918-06-15 00:00:00,1918-06-23 00:00:00,8 days 00:00:00,Austria,Italia,defender,Austria
385,Primera Guerra Mundial,MEGIDDO,1918-09-19 00:00:00,1918-09-21 00:00:00,2 days 00:00:00,Gran Bretaña,Imperio Otomano,attacker,Palestina
386,Segunda Guerra Mundial (Norte de África 1942-1943),ALAM HALFA,1942-08-31 01:30:00,1942-09-02 19:00:00,2 days 17:30:00,Alemania,Gran Bretaña,defender,Egipto
387,Segunda Guerra Mundial (Norte de África 1942-1943),EL ALAMEIN II,1942-10-23 00:00:00,1942-11-05 00:00:00,13 days 00:00:00,Gran Bretaña,Alemania,attacker,Egipto
388,Segunda Guerra Mundial (Norte de África 1942-1943),OPERATION LIGHTFOOT,1942-10-23 00:00:00,1942-10-26 00:00:00,3 days 00:00:00,Gran Bretaña,Alemania,attacker,Egipto
389,Segunda Guerra Mundial (Norte de África 1942-1943),ALAMEIN BRIDGEHEAD EXPANSION,1942-10-26 00:00:00,1942-11-02 00:00:00,7 days 00:00:00,Gran Bretaña,Alemania,attacker,Egipto
390,Segunda Guerra Mundial (Norte de África 1942-1943),OPERATION SUPERCHARGE,1942-11-02 00:00:00,1942-11-05 00:00:00,3 days 00:00:00,Gran Bretaña,Alemania,attacker,Egipto
391,Segunda Guerra Mundial (Norte de África 1942-1943),CHOUIGUI PASS,1942-11-26 05:30:00,1942-11-26 06:00:00,0 days 00:30:00,Alemania,EE. UU.,defender,Túnez
392,Segunda Guerra Mundial (Norte de África 1942-1943),EL GUETTAR,1943-03-23 05:00:00,1943-03-23 19:00:00,0 days 14:00:00,Alemania,EE. UU.,defender,Túnez
393,Segunda Guerra Mundial (Norte de África 1942-1943),SEDJANNE-BIZERTE,1943-04-23 00:00:00,1943-05-07 00:00:00,14 days 00:00:00,EE. UU.,Alemania,attacker,Túnez
394,Segunda Guerra Mundial (Italia 1943-1944),AMPHITHEATER,1943-09-09 00:00:00,1943-09-12 00:00:00,3 days 00:00:00,Gran Bretaña,Alemania,attacker,Italia
395,Segunda Guerra Mundial (Italia 1943-1944),PORT OF SALERNO,1943-09-09 00:00:00,1943-09-12 00:00:00,3 days 00:00:00,Gran Bretaña,Alemania,attacker,Italia
396,Segunda Guerra Mundial (Italia 1943-1944),SELE-CALORE CORRIDOR,1943-09-11 10:00:00,1943-09-12 00:00:00,0 days 14:00:00,EE. UU.,Alemania,defender,Italia
397,Segunda Guerra Mundial (Italia 1943-1944),BATTIPAGLIA I,1943-09-12 00:00:00,1943-09-16 00:00:00,4 days 00:00:00,Alemania,Gran Bretaña,defender,Italia
398,Segunda Guerra Mundial (Italia 1943-1944),VIETRI,1943-09-12 00:00:00,1943-09-16 00:00:00,4 days 00:00:00,Alemania,Gran Bretaña,defender,Italia
399,Segunda Guerra Mundial (Italia 1943-1944),TOBACCO FACTORY,1943-09-13 13:10:00,1943-09-14 14:30:00,1 days 01:20:00,Alemania,EE. UU.,defender,Italia
400,Segunda Guerra Mundial (Italia 1943-1944),BATTIPAGLIA II,1943-09-17 00:00:00,1943-09-19 00:00:00,2 days 00:00:00,Gran Bretaña,Alemania,attacker,Italia
401,Segunda Guerra Mundial (Italia 1943-1944),EBOLI,1943-09-17 00:00:00,1943-09-19 00:00:00,2 days 00:00:00,EE. UU.,Alemania,attacker,Italia
402,Segunda Guerra Mundial (Italia 1943-1944),VIETRI II,1943-09-17 00:00:00,1943-09-19 00:00:00,2 days 00:00:00,Alemania,Gran Bretaña,defender,Italia
403,Segunda Guerra Mundial (Italia 1943-1944),GRAZZANISE,1943-10-12 00:00:00,1943-10-15 00:00:00,3 days 00:00:00,Gran Bretaña,Alemania,attacker,Italia
404,Segunda Guerra Mundial (Italia 1943-1944),CAIAZZO,1943-10-13 02:00:00,1943-10-14 17:30:00,1 days 15:30:00,EE. UU.,Alemania,attacker,Italia
405,Segunda Guerra Mundial (Italia 1943-1944),CAPUA,1943-10-13 00:00:00,1943-10-14 00:00:00,1 days 00:00:00,Gran Bretaña,Alemania,defender,Italia
406,Segunda Guerra Mundial (Italia 1943-1944),CASTEL VOLTURNO,1943-10-13 00:00:00,1943-10-15 00:00:00,2 days 00:00:00,Gran Bretaña,Alemania,attacker,Italia
407,Segunda Guerra Mundial (Italia 1943-1944),MONTE ACERO,1943-10-13 00:00:00,1943-10-15 00:00:00,2 days 00:00:00,EE. UU.,Alemania,attacker,Italia
408,Segunda Guerra Mundial (Italia 1943-1944),TRIFLISCO,1943-10-13 02:00:00,1943-10-15 00:00:00,1 days 22:00:00,EE. UU.,Alemania,attacker,Italia
409,Segunda Guerra Mundial (Italia 1943-1944),DRAGONI,1943-10-15 00:00:00,1943-10-18 00:00:00,3 days 00:00:00,EE. UU.,Alemania,defender,Italia
410,Segunda Guerra Mundial (Italia 1943-1944),CANAL I,1943-10-17 00:00:00,1943-10-19 00:00:00,2 days 00:00:00,Gran Bretaña,Alemania,attacker,Italia
411,Segunda Guerra Mundial (Italia 1943-1944),MONTE GRANDE (VOLTURNO),1943-10-16 00:00:00,1943-10-18 00:00:00,2 days 00:00:00,Gran Bretaña,Alemania,attacker,Italia
412,Segunda Guerra Mundial (Italia 1943-1944),CANAL II,1943-10-18 00:00:00,1943-10-21 00:00:00,3 days 00:00:00,Gran Bretaña,Alemania,attacker,Italia
413,Segunda Guerra Mundial (Italia 1943-1944),FRANCOLISE,1943-10-20 00:00:00,1943-10-23 00:00:00,3 days 00:00:00,Gran Bretaña,Alemania,defender,Italia
414,Segunda Guerra Mundial (Italia 1943-1944),SANTA MARIA OLIVETO,1943-11-04 00:00:00,1943-11-06 00:00:00,2 days 00:00:00,EE. UU.,Alemania,attacker,Italia
415,Segunda Guerra Mundial (Italia 1943-1944),MONTE CAMINO I,1943-11-05 00:00:00,1943-11-08 00:00:00,3 days 00:00:00,Gran Bretaña,Alemania,defender,Italia
416,Segunda Guerra Mundial (Italia 1943-1944),MONTE LUNGO,1943-11-06 00:00:00,1943-11-08 00:00:00,2 days 00:00:00,EE. UU.,Alemania,defender,Italia
417,Segunda Guerra Mundial (Italia 1943-1944),POZZILLI,1943-11-06 00:00:00,1943-11-08 00:00:00,2 days 00:00:00,EE. UU.,Alemania,defender,Italia
418,Segunda Guerra Mundial (Italia 1943-1944),MONTE CAMINO II,1943-11-08 00:00:00,1943-11-11 00:00:00,3 days 00:00:00,Alemania,Alemania,attacker,Italia
419,Segunda Guerra Mundial (Italia 1943-1944),MONTE ROTONDO,1943-11-08 00:00:00,1943-11-11 00:00:00,3 days 00:00:00,EE. UU.,Alemania,draw,Italia
420,Segunda Guerra Mundial (Italia 1943-1944),CALABRITTO,1943-12-01 17:00:00,1943-12-02 17:00:00,1 days 00:00:00,Gran Bretaña,Alemania,defender,Italia
421,Segunda Guerra Mundial (Italia 1943-1944),MONTE CAMINO III,1943-12-02 18:00:00,1943-12-06 06:00:00,3 days 12:00:00,Gran Bretaña,Alemania,attacker,Italia
422,Segunda Guerra Mundial (Italia 1943-1944),MONTE MAGGIORE,1943-12-02 16:30:00,1943-12-03 17:00:00,1 days 00:30:00,EE. UU.,Alemania,attacker,Italia
423,Segunda Guerra Mundial (Italia 1943-1944),APRILIA I,1944-01-25 00:00:00,1944-01-27 00:00:00,2 days 00:00:00,Gran Bretaña,Alemania,attacker,Italia
424,Segunda Guerra Mundial (Italia 1943-1944),THE FACTORY,1944-01-27 00:00:00,1944-01-28 00:00:00,1 days 00:00:00,Alemania,Gran Bretaña,defender,Italia
425,Segunda Guerra Mundial (Italia 1943-1944),CAMPOLEONE,1944-01-29 23:00:00,1944-01-31 18:00:00,1 days 19:00:00,Gran Bretaña,Alemania,attacker,Italia
426,Segunda Guerra Mundial (Italia 1943-1944),CAMPOLEONE COUNTERATTACK,1944-02-03 15:00:00,1944-02-05 05:00:00,1 days 14:00:00,Alemania,Gran Bretaña,attacker,Italia
427,Segunda Guerra Mundial (Italia 1943-1944),CARROCETO,1944-02-07 22:00:00,1944-02-08 18:00:00,0 days 20:00:00,Alemania,Gran Bretaña,defender,Italia
428,Segunda Guerra Mundial (Italia 1943-1944),MOLETTA RIVER DEFENSE,1944-02-07 00:00:00,1944-02-10 00:00:00,3 days 00:00:00,Alemania,EE. UU.,draw,Italia
429,Segunda Guerra Mundial (Italia 1943-1944),APRILIA II,1944-02-08 13:00:00,1944-02-09 13:00:00,1 days 00:00:00,Alemania,Gran Bretaña,attacker,Italia
430,Segunda Guerra Mundial (Italia 1943-1944),FACTORY COUNTERATTACK,1944-02-11 06:30:00,1944-02-12 06:30:00,1 days 00:00:00,EE. UU.,Alemania,defender,Italia
431,Segunda Guerra Mundial (Italia 1943-1944),BOWLING ALLEY,1944-02-16 06:00:00,1944-02-19 16:20:00,3 days 10:20:00,Alemania,EE. UU.,defender,Italia
432,Segunda Guerra Mundial (Italia 1943-1944),MOLETTA RIVER II,1944-02-16 00:00:00,1944-02-20 00:00:00,4 days 00:00:00,Alemania,Gran Bretaña,attacker,Italia
433,Segunda Guerra Mundial (Italia 1943-1944),FIOCCIA,1944-02-21 00:00:00,1944-02-24 00:00:00,3 days 00:00:00,Alemania,EE. UU.,defender,Italia
434,Segunda Guerra Mundial (Italia 1944),SANTA MARIA INFANTE,1944-05-11 23:00:00,1944-05-14 04:00:00,2 days 05:00:00,EE. UU.,Alemania,attacker,Italia
435,Segunda Guerra Mundial (Italia 1944),SAN MARTINO,1944-05-12 20:00:00,1944-05-13 20:00:00,1 days 00:00:00,EE. UU.,Alemania,attacker,Italia
436,Segunda Guerra Mundial (Italia 1944),CASTELLONORATO,1944-05-14 15:00:00,1944-05-16 00:00:00,1 days 09:00:00,EE. UU.,Alemania,attacker,Italia
437,Segunda Guerra Mundial (Italia 1944),SPIGNO,1944-05-14 04:00:00,1944-05-15 09:00:00,1 days 05:00:00,EE. UU.,Alemania,attacker,Italia
438,Segunda Guerra Mundial (Italia 1944),FORMIA,1944-05-16 00:00:00,1944-05-19 00:00:00,3 days 00:00:00,EE. UU.,Alemania,attacker,Italia
439,Segunda Guerra Mundial (Italia 1944),MONTE GRANDE (ROME),1944-05-17 14:30:00,1944-05-19 06:00:00,1 days 15:30:00,EE. UU.,Alemania,attacker,Italia
440,Segunda Guerra Mundial (Italia 1944),ITRI-FONDI,1944-05-20 00:00:00,1944-05-23 00:00:00,3 days 00:00:00,EE. UU.,Alemania,attacker,Italia
441,Segunda Guerra Mundial (Italia 1944),TERRACINA,1944-05-22 14:00:00,1944-05-24 08:30:00,1 days 18:30:00,EE. UU.,Alemania,attacker,Italia
442,Segunda Guerra Mundial (Italia 1944),MOLETTA OFFENSIVE,1944-05-23 06:00:00,1944-05-24 11:00:00,1 days 05:00:00,Gran Bretaña,Alemania,draw,Italia
443,Segunda Guerra Mundial (Italia 1944),ANZIO-ALBANO ROAD,1944-05-23 00:00:00,1944-05-25 00:00:00,2 days 00:00:00,Gran Bretaña,Alemania,draw,Italia
444,Segunda Guerra Mundial (Italia 1944),ANZIO BREAKOUT,1944-05-23 06:30:00,1944-05-25 19:30:00,2 days 13:00:00,EE. UU.,Alemania,attacker,Italia
445,Segunda Guerra Mundial (Italia 1944),CISTERNA,1944-05-23 06:30:00,1944-05-25 19:30:00,2 days 13:00:00,EE. UU.,Alemania,attacker,Italia
446,Segunda Guerra Mundial (Italia 1944),SEZZE,1944-05-25 00:00:00,1944-05-28 00:00:00,3 days 00:00:00,EE. UU.,Alemania,attacker,Italia
447,Segunda Guerra Mundial (Italia 1944),VELLETRI,1944-05-26 13:00:00,1944-05-26 19:30:00,0 days 06:30:00,EE. UU.,Alemania,defender,Italia
448,Segunda Guerra Mundial (Italia 1944),CAMPOLEONE,1944-05-26 00:00:00,1944-05-29 00:00:00,3 days 00:00:00,EE. UU.,Alemania,draw,Italia
449,Segunda Guerra Mundial (Italia 1944),VILLA CROCETTA,1944-05-27 00:00:00,1944-05-29 00:00:00,2 days 00:00:00,EE. UU.,Alemania,defender,Italia
450,Segunda Guerra Mundial (Italia 1944),ARDEA,1944-05-28 00:00:00,1944-05-31 00:00:00,3 days 00:00:00,Gran Bretaña,Alemania,attacker,Italia
451,Segunda Guerra Mundial (Italia 1944),FOSSO DI CAMPOLEONE,1944-05-29 00:00:00,1944-06-01 00:00:00,3 days 00:00:00,EE. UU.,Alemania,defender,Italia
452,Segunda Guerra Mundial (Italia 1944),LANUVIO,1944-05-29 00:00:00,1944-06-02 00:00:00,4 days 00:00:00,EE. UU.,Alemania,defender,Italia
453,Segunda Guerra Mundial (Italia 1944),LARIANO,1944-06-01 05:00:00,1944-06-02 16:30:00,1 days 11:30:00,EE. UU.,Alemania,attacker,Italia
454,Segunda Guerra Mundial (Italia 1944),VIA ANZIATE,1944-06-01 05:30:00,1944-06-02 22:40:00,1 days 17:10:00,EE. UU.,Alemania,draw,Italia
455,Segunda Guerra Mundial (Italia 1944),VALMONTONE,1944-06-01 05:00:00,1944-06-02 21:00:00,1 days 16:00:00,EE. UU.,Alemania,attacker,Italia
456,Segunda Guerra Mundial (Italia 1944),TARTO-TIBER,1944-06-03 00:00:00,1944-06-05 00:00:00,2 days 00:00:00,Gran Bretaña,Alemania,attacker,Italia
457,Segunda Guerra Mundial (Italia 1944),IL GIOGIO PASS,1944-09-13 00:00:00,1944-09-18 00:00:00,5 days 00:00:00,EE. UU.,Alemania,attacker,Italia
458,Segunda Guerra Mundial (Teatro Europeo),ST. LO,1944-07-11 00:00:00,1944-07-19 00:00:00,8 days 00:00:00,EE. UU.,Alemania,attacker,Francia
459,Segunda Guerra Mundial (Teatro Europeo),OPERATION GOODWOOD,1944-07-18 07:45:00,1944-07-20 16:00:00,2 days 08:15:00,Gran Bretaña,Alemania,defender,Francia
460,Segunda Guerra Mundial (Teatro Europeo),OPERATION COBRA,1944-07-24 00:00:00,1944-07-27 00:00:00,3 days 00:00:00,EE. UU.,Alemania,attacker,Francia
461,Segunda Guerra Mundial (Teatro Europeo),MORTAIN,1944-08-07 00:01:00,1944-08-13 00:00:00,5 days 23:59:00,Alemania,EE. UU.,defender,Francia
462,Segunda Guerra Mundial (Teatro Europeo),CHARTRES,1944-08-16 00:00:00,1944-08-17 00:00:00,1 days 00:00:00,EE. UU.,Alemania,draw,Francia
463,Segunda Guerra Mundial (Teatro Europeo),MELUN,1944-08-23 00:00:00,1944-08-26 00:00:00,3 days 00:00:00,EE. UU.,Alemania,attacker,Francia
464,Segunda Guerra Mundial (Teatro Europeo),SEINE RIVER,1944-08-23 00:00:00,1944-08-26 00:00:00,3 days 00:00:00,EE. UU.,Alemania,attacker,Francia
465,Segunda Guerra Mundial (Teatro Europeo),MOSELLE-METZ,1944-09-06 00:00:00,1944-09-12 00:00:00,6 days 00:00:00,EE. UU.,Alemania,draw,Francia
466,Segunda Guerra Mundial (Teatro Europeo),METZ,1944-09-13 00:00:00,1944-09-14 00:00:00,1 days 00:00:00,EE. UU.,Alemania,defender,Francia
467,Segunda Guerra Mundial (Teatro Europeo),ARRACOURT,1944-09-19 07:30:00,1944-09-22 16:40:00,3 days 09:10:00,Alemania,EE. UU.,defender,Francia
468,Segunda Guerra Mundial (Teatro Europeo),WESTWALL,1944-10-02 11:00:00,1944-10-07 18:30:00,5 days 07:30:00,EE. UU.,Alemania,attacker,Alemania
469,Segunda Guerra Mundial (Teatro Europeo),SCHMIDT,1944-11-02 00:00:00,1944-11-14 00:00:00,12 days 00:00:00,EE. UU.,Alemania,defender,Alemania
470,Segunda Guerra Mundial (Teatro Europeo),SEILLE-NIED,1944-11-08 00:00:00,1944-11-13 00:00:00,5 days 00:00:00,EE. UU.,Alemania,attacker,Francia
471,Segunda Guerra Mundial (Teatro Europeo),FORET DE CHATEAU-SALINS,1944-11-10 00:00:00,1944-11-12 00:00:00,2 days 00:00:00,EE. UU.,Alemania,attacker,Francia
472,Segunda Guerra Mundial (Teatro Europeo),MORHANGE,1944-11-13 00:00:00,1944-11-16 00:00:00,3 days 00:00:00,EE. UU.,Alemania,attacker,Francia
473,Segunda Guerra Mundial (Teatro Europeo),MORHANGE-FAULQUEMONT,1944-11-13 00:00:00,1944-11-17 00:00:00,4 days 00:00:00,EE. UU.,Alemania,attacker,Francia
474,Segunda Guerra Mundial (Teatro Europeo),BOURGALTROFF,1944-11-14 08:45:00,1944-11-15 12:00:00,1 days 03:15:00,EE. UU.,Alemania,attacker,Francia
475,Segunda Guerra Mundial (Teatro Europeo),SARRE-ST. AVOLD,1944-11-20 00:00:00,1944-11-28 00:00:00,8 days 00:00:00,EE. UU.,Alemania,attacker,Francia
476,Segunda Guerra Mundial (Teatro Europeo),BAERENDORF I,1944-11-24 00:00:00,1944-11-26 00:00:00,2 days 00:00:00,EE. UU.,Alemania,attacker,Francia
477,Segunda Guerra Mundial (Teatro Europeo),BAERENDORF II,1944-11-26 10:45:00,1944-11-26 17:30:00,0 days 06:45:00,EE. UU.,Alemania,attacker,Francia
478,Segunda Guerra Mundial (Teatro Europeo),BURBACH-DURSTEL,1944-11-27 00:00:00,1944-11-30 00:00:00,3 days 00:00:00,EE. UU.,Alemania,attacker,Francia
479,Segunda Guerra Mundial (Teatro Europeo),DURSTEL-FAERBERSVILLER,1944-11-28 00:00:00,1944-11-30 00:00:00,2 days 00:00:00,EE. UU.,Alemania,draw,Francia
480,Segunda Guerra Mundial (Teatro Europeo),SARRE-UNION,1944-12-01 00:00:00,1944-12-03 00:00:00,2 days 00:00:00,EE. UU.,Alemania,attacker,Francia
481,Segunda Guerra Mundial (Teatro Europeo),SARRE-SINGLING,1944-12-06 00:00:00,1944-12-08 00:00:00,2 days 00:00:00,EE. UU.,Alemania,attacker,Francia
482,Segunda Guerra Mundial (Teatro Europeo),SINGLING-BINING,1944-12-06 08:30:00,1944-12-06 20:00:00,0 days 11:30:00,EE. UU.,Alemania,draw,Francia
483,Segunda Guerra Mundial (Teatro Europeo),SAUER RIVER,1944-12-16 00:00:00,1944-12-18 00:00:00,2 days 00:00:00,Alemania,EE. UU.,attacker,Luxemburgo
484,Segunda Guerra Mundial (Teatro Europeo),ST. VITH,1944-12-17 00:00:00,1944-12-23 00:00:00,6 days 00:00:00,Alemania,EE. UU.,draw,Bélgica
485,Segunda Guerra Mundial (Teatro Europeo),BASTOGNE,1944-12-18 00:00:00,1944-12-21 00:00:00,3 days 00:00:00,Alemania,EE. UU.,defender,Bélgica
486,Segunda Guerra Mundial,SEDAN-MEUSE RIVER,1940-05-13 00:00:00,1940-05-15 00:00:00,2 days 00:00:00,Alemania,Francia,attacker,Francia
487,Segunda Guerra Mundial,JITRA,1941-12-12 03:00:00,1941-12-12 22:00:00,0 days 19:00:00,Japón,Gran Bretaña,attacker,Malasia
488,Segunda Guerra Mundial (Frente Oriental),ROVNO,1941-06-22 00:00:00,1941-06-27 00:00:00,5 days 00:00:00,Alemania,URSS,attacker,URSS
489,Segunda Guerra Mundial (Frente Oriental),DEFENSE OF MOSCOW,1941-09-30 00:00:00,1941-12-04 00:00:00,65 days 00:00:00,Alemania,URSS,defender,URSS
490,Segunda Guerra Mundial (Frente Oriental),MOSCOW COUNTEROFFENSIVE,1941-12-05 00:00:00,1942-01-08 00:00:00,34 days 00:00:00,URSS,Alemania,attacker,URSS
491,Segunda Guerra Mundial (Frente Oriental),POGORELOYE GORODISHCHE,1942-08-04 07:45:00,1942-08-11 21:00:00,7 days 13:15:00,URSS,Alemania,attacker,URSS
492,Segunda Guerra Mundial (Frente Oriental),LENINGRAD (OPERATION SPARK),1943-01-12 00:00:00,1943-01-19 00:00:00,7 days 00:00:00,URSS,Alemania,attacker,URSS
493,Segunda Guerra Mundial (Frente Oriental),OBOYAN-KURSK (PHASE I),1943-07-04 00:00:00,1943-07-07 00:00:00,3 days 00:00:00,Alemania,URSS,attacker,URSS
494,Segunda Guerra Mundial (Frente Oriental),OPERATION CITADEL (SOUTHERN SECTOR),1943-07-05 00:00:00,1943-07-06 00:00:00,1 days 00:00:00,Alemania,URSS,attacker,URSS
495,Segunda Guerra Mundial (Frente Oriental),OBOYAN-KURSK (PHASE II),1943-07-07 00:00:00,1943-07-11 00:00:00,4 days 00:00:00,Alemania,URSS,attacker,URSS
496,Segunda Guerra Mundial (Frente Oriental),OBOYAN-KURSK (PHASE III),1943-07-11 00:00:00,1943-07-16 00:00:00,5 days 00:00:00,Alemania,URSS,defender,URSS
497,Segunda Guerra Mundial (Frente Oriental),PROKHOROVKA,1943-07-12 00:00:00,1943-07-14 00:00:00,2 days 00:00:00,URSS,Alemania,attacker,URSS
498,Segunda Guerra Mundial (Frente Oriental),KURSK COUNTEROFFENSIVE (SOUTHERN SECTOR),1943-08-03 00:00:00,1943-08-24 00:00:00,21 days 00:00:00,URSS,Alemania,attacker,URSS
499,Segunda Guerra Mundial (Frente Oriental),BELGOROD,1943-08-03 00:00:00,1943-08-06 00:00:00,3 days 00:00:00,URSS,Alemania,attacker,URSS
500,Segunda Guerra Mundial (Frente Oriental),MELITOPOL,1943-09-26 00:00:00,1943-11-06 00:00:00,41 days 00:00:00,URSS,Alemania,attacker,URSS
501,Segunda Guerra Mundial (Frente Oriental),KORSUN-SCHEVCHENKOVSKIY,1944-01-24 00:00:00,1944-02-18 00:00:00,25 days 00:00:00,URSS,Alemania,attacker,URSS
502,Segunda Guerra Mundial (Frente Oriental),NIKOPOL BRIDGEHEAD,1944-01-31 00:00:00,1944-02-06 00:00:00,6 days 00:00:00,URSS,Alemania,attacker,URSS
503,Segunda Guerra Mundial (Frente Oriental),SEVASTOPOL,1944-05-05 00:00:00,1944-05-10 00:00:00,5 days 00:00:00,URSS,Alemania,attacker,URSS
504,Segunda Guerra Mundial (Frente Oriental),BEREZINA RIVER,1944-06-25 00:00:00,1944-06-30 00:00:00,5 days 00:00:00,URSS,Alemania,attacker,URSS
505,Segunda Guerra Mundial (Frente Oriental),LVOV-SANDOMIERZ,1944-07-13 00:00:00,1944-07-30 00:00:00,17 days 00:00:00,URSS,Alemania,attacker,URSS
506,Segunda Guerra Mundial (Frente Oriental),BRODY (PHASE I),1944-07-14 05:15:00,1944-07-14 22:00:00,0 days 16:45:00,URSS,Alemania,attacker,URSS
507,Segunda Guerra Mundial (Frente Oriental),BRODY (PHASE II),1944-07-15 04:00:00,1944-07-15 22:00:00,0 days 18:00:00,URSS,Alemania,attacker,URSS
508,Segunda Guerra Mundial (Frente Oriental),"VISTULA RIVER, CROSSING, PHASE I",1944-07-29 00:00:00,1944-08-01 00:00:00,3 days 00:00:00,URSS,Alemania,attacker,Polonia
509,Segunda Guerra Mundial (Frente Oriental),"VISTULA RIVER, PULAWY, PHASE II",1944-08-02 00:00:00,1944-08-08 00:00:00,6 days 00:00:00,URSS,Alemania,defender,Polonia
510,Segunda Guerra Mundial (Frente Oriental),YASSY-KISHINEV OPERATION,1944-08-20 00:00:00,1944-08-30 00:00:00,10 days 00:00:00,URSS,Alemania,attacker,URSS
511,Segunda Guerra Mundial (Frente Oriental),VISTULA-ODER,1945-01-12 00:00:00,1945-02-04 00:00:00,23 days 00:00:00,URSS,Alemania,attacker,URSS
512,Segunda Guerra Mundial (Okinawa),EAST PRUSSIA,1945-01-13 00:00:00,1945-02-01 00:00:00,19 days 00:00:00,URSS,Alemania,attacker,Alemania
513,Segunda Guerra Mundial (Okinawa),CIECHANOW (PHASE I),1945-01-14 00:00:00,1945-01-15 00:00:00,1 days 00:00:00,URSS,Alemania,draw,Polonia
514,Segunda Guerra Mundial (Okinawa),CIECHANOW (PHASE II),1945-01-15 00:00:00,1945-01-16 00:00:00,1 days 00:00:00,URSS,Alemania,attacker,Polonia
515,Segunda Guerra Mundial (Okinawa),SEELOW HEIGHTS,1945-04-16 00:00:00,1945-04-18 00:00:00,2 days 00:00:00,URSS,Alemania,attacker,Alemania
516,Segunda Guerra Mundial (Okinawa),MUTANKIANG,1945-08-09 00:00:00,1945-08-17 00:00:00,8 days 00:00:00,URSS,Japón,attacker,Manchuria
517,Segunda Guerra Mundial (Okinawa),TARAWA-BETIO,1943-11-20 09:10:00,1943-11-23 13:30:00,3 days 04:20:00,EE. UU.,Japón,attacker,Japón
518,Segunda Guerra Mundial (Okinawa),IWO JIMA - INTO THE MAIN DEFENSES,1945-02-20 00:00:00,1945-02-25 00:00:00,5 days 00:00:00,EE. UU.,Japón,attacker,Japón
519,Segunda Guerra Mundial (Okinawa),IWO JIMA - SURIBACHI,1945-02-20 00:00:00,1945-02-25 00:00:00,5 days 00:00:00,EE. UU.,Japón,attacker,Japón
520,Segunda Guerra Mundial (Okinawa),IWO JIMA - FINAL PHASE,1945-03-11 00:00:00,1945-03-17 00:00:00,6 days 00:00:00,EE. UU.,Japón,attacker,Japón
521,Segunda Guerra Mundial (Okinawa),ADVANCE FROM THE BEACHHEAD,1945-04-02 00:00:00,1945-04-05 00:00:00,3 days 00:00:00,EE. UU.,Japón,attacker,Okinawa
522,Segunda Guerra Mundial (Okinawa),ADVANCE THROUGH THE OUTPOSTS,1945-04-05 00:00:00,1945-04-09 00:00:00,4 days 00:00:00,EE. UU.,Japón,attacker,Okinawa
523,Segunda Guerra Mundial (Okinawa),TOMB HILL-OUKI,1945-04-09 00:00:00,1945-04-12 00:00:00,3 days 00:00:00,EE. UU.,Japón,attacker,Okinawa
524,Segunda Guerra Mundial (Okinawa),SKYLINE RIDGE-ROCKY CRAGS,1945-04-19 00:00:00,1945-04-24 00:00:00,5 days 00:00:00,EE. UU.,Japón,attacker,Okinawa
525,Segunda Guerra Mundial (Okinawa),KOCHI RIDGE-ONAGA I,1945-04-25 00:00:00,1945-04-28 00:00:00,3 days 00:00:00,EE. UU.,Japón,defender,Okinawa
526,Segunda Guerra Mundial (Okinawa),KOCHI RIDGE-ONAGA II,1945-04-28 00:00:00,1945-04-30 00:00:00,2 days 00:00:00,EE. UU.,Japón,defender,Okinawa
527,Segunda Guerra Mundial (Okinawa),KOCHI RIDGE-ONAGA III,1945-04-30 00:00:00,1945-05-04 00:00:00,4 days 00:00:00,EE. UU.,Japón,defender,Okinawa
528,Segunda Guerra Mundial (Okinawa),JAPANESE COUNTERATTACK,1945-05-04 00:00:00,1945-05-06 00:00:00,2 days 00:00:00,Japón,EE. UU.,defender,Okinawa
529,Segunda Guerra Mundial (Okinawa),KOCHI RIDGE IV,1945-05-06 00:00:00,1945-05-08 00:00:00,2 days 00:00:00,EE. UU.,Japón,attacker,Okinawa
530,Segunda Guerra Mundial (Okinawa),SHURI ENVELOPMENT (PHASE I),1945-05-22 00:00:00,1945-05-24 00:00:00,2 days 00:00:00,EE. UU.,Japón,attacker,Okinawa
531,Segunda Guerra Mundial (Okinawa),JAPANESE COUNTERATTACKS,1945-05-24 00:00:00,1945-05-26 00:00:00,2 days 00:00:00,Japón,EE. UU.,defender,Okinawa
532,Segunda Guerra Mundial (Okinawa),SHURI ENVELOPMENT (PHASE II),1945-05-26 00:00:00,1945-05-28 00:00:00,2 days 00:00:00,EE. UU.,Japón,defender,Okinawa
533,Segunda Guerra Mundial (Okinawa),SHURI ENVELOPMENT (PHASE III),1945-05-29 00:00:00,1945-06-01 00:00:00,3 days 00:00:00,EE. UU.,Japón,attacker,Okinawa
534,Segunda Guerra Mundial (Okinawa),HILL 95-I,1945-06-06 00:00:00,1945-06-09 00:00:00,3 days 00:00:00,EE. UU.,Japón,draw,Okinawa
535,Segunda Guerra Mundial (Okinawa),HILL 95-II,1945-06-09 00:00:00,1945-06-12 00:00:00,3 days 00:00:00,EE. UU.,Japón,attacker,Okinawa
536,Segunda Guerra Mundial (Okinawa),YAEJU-DAKE,1945-06-12 00:00:00,1945-06-13 00:00:00,1 days 00:00:00,EE. UU.,Japón,attacker,Okinawa
537,Segunda Guerra Mundial (Okinawa),HILLS 153 AND 115,1945-06-15 00:00:00,1945-06-18 00:00:00,3 days 00:00:00,EE. UU.,Japón,attacker,Okinawa
538,Segunda Guerra Mundial (Okinawa),ADVANCE FROM THE BEACH,1945-04-02 00:00:00,1945-04-05 00:00:00,3 days 00:00:00,EE. UU.,Japón,attacker,Okinawa
539,Segunda Guerra Mundial (Okinawa),ADVANCE TO SHURI LINE OUTPOSTS,1945-04-05 00:00:00,1945-04-09 00:00:00,4 days 00:00:00,EE. UU.,Japón,attacker,Okinawa
540,Segunda Guerra Mundial (Okinawa),KAKAZU AND TOMBSTONE RIDGES,1945-04-09 00:00:00,1945-04-13 00:00:00,4 days 00:00:00,EE. UU.,Japón,defender,Okinawa
541,Segunda Guerra Mundial (Okinawa),NISHIBARU RIDGE-TANABARU ESCARPMENT,1945-04-19 00:00:00,1945-04-24 00:00:00,5 days 00:00:00,EE. UU.,Japón,attacker,Okinawa
542,Segunda Guerra Mundial (Okinawa),MAEDA ESCARPMENT,1945-04-26 00:00:00,1945-04-30 00:00:00,4 days 00:00:00,EE. UU.,Japón,attacker,Okinawa
543,Segunda Guerra Mundial (Okinawa),ATTACK ON SHURI LINE'S EASTERN FLANK I,1945-05-11 00:00:00,1945-05-14 00:00:00,3 days 00:00:00,EE. UU.,Japón,draw,Okinawa
544,Segunda Guerra Mundial (Okinawa),ATTACK ON SHURI LINE'S EASTERN FLANK II,1945-05-14 00:00:00,1945-05-19 00:00:00,5 days 00:00:00,EE. UU.,Japón,draw,Okinawa
545,Segunda Guerra Mundial (Okinawa),ATTACK ON SHURI LINE'S EASTERN FLANK III,1945-05-20 00:00:00,1945-05-22 00:00:00,2 days 00:00:00,EE. UU.,Japón,attacker,Okinawa
546,Segunda Guerra Mundial (Okinawa),ADVANCE TO YUZA-DAKE/YAEJU-DAKE ESCARPMENT,1945-06-06 00:00:00,1945-06-10 00:00:00,4 days 00:00:00,EE. UU.,Japón,attacker,Okinawa
547,Segunda Guerra Mundial (Okinawa),ATTACK ON YUZA-DAKE/YAEJU-DAKE ESCARPMENT,1945-06-10 00:00:00,1945-06-12 00:00:00,2 days 00:00:00,EE. UU.,Japón,draw,Okinawa
548,Segunda Guerra Mundial (Okinawa),CAPTURE OF YUZA-DAKE/YAEJU-DAKE ESCARPMENT,1945-06-12 00:00:00,1945-06-18 00:00:00,6 days 00:00:00,EE. UU.,Japón,attacker,Okinawa
549,"Guerra Árabe-Israelí, 1967 (Guerra de los Seis Días)",JENIN,1967-06-05 15:00:00,1967-06-06 06:00:00,0 days 15:00:00,Israel,Jordania,attacker,Jordania
550,"Guerra Árabe-Israelí, 1967 (Guerra de los Seis Días)",JERUSALEM,1967-06-05 16:00:00,1967-06-07 10:15:00,1 days 18:15:00,Israel,Jordania,attacker,Jordania
551,"Guerra Árabe-Israelí, 1967 (Guerra de los Seis Días)",KABATIYA,1967-06-06 06:00:00,1967-06-07 07:00:00,1 days 01:00:00,Israel,Jordania,attacker,Jordania
552,"Guerra Árabe-Israelí, 1967 (Guerra de los Seis Días)",TILFIT-ZABABIDA,1967-06-06 10:15:00,1967-06-07 03:00:00,0 days 16:45:00,Israel,Jordania,attacker,Jordania
553,"Guerra Árabe-Israelí, 1967 (Guerra de los Seis Días)",NABLUS,1967-06-07 12:30:00,1967-06-07 18:30:00,0 days 06:00:00,Israel,Jordania,attacker,Jordania
554,"Guerra Árabe-Israelí, 1967 (Guerra de los Seis Días)",RAFAH,1967-06-05 08:15:00,1967-06-05 23:30:00,0 days 15:15:00,Israel,Egipto,attacker,Egipto
555,"Guerra Árabe-Israelí, 1967 (Guerra de los Seis Días)",BIR LAHFAN,1967-06-05 21:00:00,1967-06-06 10:30:00,0 days 13:30:00,Israel,Egipto,attacker,Egipto
556,"Guerra Árabe-Israelí, 1967 (Guerra de los Seis Días)",ABU AGEILA-UM KATEF,1967-06-05 20:00:00,1967-06-06 05:00:00,0 days 09:00:00,Israel,Egipto,attacker,Egipto
557,"Guerra Árabe-Israelí, 1967 (Guerra de los Seis Días)",EL ARISH,1967-06-05 20:00:00,1967-06-06 07:00:00,0 days 11:00:00,Israel,Egipto,attacker,Egipto
558,"Guerra Árabe-Israelí, 1967 (Guerra de los Seis Días)",JEBEL LIBNI,1967-06-06 19:00:00,1967-06-06 22:30:00,0 days 03:30:00,Israel,Egipto,draw,Egipto
560,"Guerra Árabe-Israelí, 1967 (Guerra de los Seis Días)",BIR HASSNA-BIR THAMADA,1967-06-07 05:15:00,1967-06-07 20:00:00,0 days 14:45:00,Israel,Egipto,attacker,Egipto
561,"Guerra Árabe-Israelí, 1967 (Guerra de los Seis Días)",MITLA PASS,1967-06-07 18:00:00,1967-06-08 04:30:00,0 days 10:30:00,Egipto,Israel,defender,Egipto
562,"Guerra Árabe-Israelí, 1967 (Guerra de los Seis Días)",BIR HAMMA-BIR GIFGAFA,1967-06-07 17:00:00,1967-06-07 20:00:00,0 days 03:00:00,Israel,Egipto,attacker,Egipto
563,"Guerra Árabe-Israelí, 1967 (Guerra de los Seis Días)",NAKHL,1967-06-08 10:00:00,1967-06-08 14:30:00,0 days 04:30:00,Israel,Egipto,attacker,Egipto
564,"Guerra Árabe-Israelí, 1967 (Guerra de los Seis Días)",BIR GIFGAFA,1967-06-08 00:30:00,1967-06-08 03:30:00,0 days 03:00:00,Egipto,Israel,defender,Egipto
565,"Guerra Árabe-Israelí, 1967 (Guerra de los Seis Días)",TEL FAHAR-BANIAS,1967-06-09 11:30:00,1967-06-10 00:00:00,0 days 12:30:00,Israel,Siria,attacker,Siria
566,"Guerra Árabe-Israelí, 1967 (Guerra de los Seis Días)",RAWIYEH,1967-06-09 20:00:00,1967-06-10 00:00:00,0 days 04:00:00,Israel,Siria,attacker,Siria
567,"Guerra Árabe-Israelí, 1967 (Guerra de los Seis Días)",ZAOURA-KALA,1967-06-09 11:30:00,1967-06-09 20:00:00,0 days 08:30:00,Israel,Siria,attacker,Siria
568,"Guerra Árabe-Israelí, 1968",KERAMA,1968-03-21 05:30:00,1968-03-21 21:00:00,0 days 15:30:00,Israel,Jordania,draw,Jordania
569,"Guerra Árabe-Israelí, 1973 (Guerra de Octubre)","SUEZ CANAL ASSAULT, NORTH",1973-10-06 14:05:00,1973-10-07 00:15:00,0 days 10:10:00,Egipto,Israel,attacker,Egipto
570,"Guerra Árabe-Israelí, 1973 (Guerra de Octubre)","SUEZ CANAL ASSAULT, SOUTH",1973-10-06 14:05:00,1973-10-07 00:15:00,0 days 10:10:00,Egipto,Israel,attacker,Egipto
571,"Guerra Árabe-Israelí, 1973 (Guerra de Octubre)",SECOND ARMY BUILDUP,1973-10-07 00:30:00,1973-10-07 23:00:00,0 days 22:30:00,Egipto,Israel,attacker,Egipto
572,"Guerra Árabe-Israelí, 1973 (Guerra de Octubre)",THIRD ARMY BUILDUP,1973-10-07 00:30:00,1973-10-07 23:00:00,0 days 22:30:00,Egipto,Israel,attacker,Egipto
573,"Guerra Árabe-Israelí, 1973 (Guerra de Octubre)",KANTARA-FIRDAN,1973-10-08 08:00:00,1973-10-08 19:00:00,0 days 11:00:00,Israel,Egipto,defender,Egipto
574,"Guerra Árabe-Israelí, 1973 (Guerra de Octubre)","EGYPTIAN OFFENSIVE, NORTH",1973-10-14 06:30:00,1973-10-14 15:00:00,0 days 08:30:00,Egipto,Israel,defender,Egipto
575,"Guerra Árabe-Israelí, 1973 (Guerra de Octubre)","EGYPTIAN OFFENSIVE, SOUTH",1973-10-14 06:30:00,1973-10-14 15:00:00,0 days 08:30:00,Egipto,Israel,defender,Egipto
576,"Guerra Árabe-Israelí, 1973 (Guerra de Octubre)",DEVERSOIR (CHINESE FARM I),1973-10-15 17:00:00,1973-10-16 12:00:00,0 days 19:00:00,Israel,Egipto,attacker,Egipto
577,"Guerra Árabe-Israelí, 1973 (Guerra de Octubre)",DEVERSOIR (CHINESE FARM II),1973-10-16 12:00:00,1973-10-17 17:00:00,1 days 05:00:00,Israel,Egipto,attacker,Egipto
578,"Guerra Árabe-Israelí, 1973 (Guerra de Octubre)",DEVERSOIR WEST,1973-10-18 05:45:00,1973-10-18 19:00:00,0 days 13:15:00,Israel,Egipto,attacker,Egipto
579,"Guerra Árabe-Israelí, 1973 (Guerra de Octubre)",ISMAILIA,1973-10-19 06:00:00,1973-10-22 18:30:00,3 days 12:30:00,Israel,Egipto,defender,Egipto
580,"Guerra Árabe-Israelí, 1973 (Guerra de Octubre)",JEBEL GENEIFA,1973-10-19 06:30:00,1973-10-21 17:00:00,2 days 10:30:00,Israel,Egipto,attacker,Egipto
581,"Guerra Árabe-Israelí, 1973 (Guerra de Octubre)",SHALLUFA I,1973-10-22 05:00:00,1973-10-22 18:50:00,0 days 13:50:00,Israel,Egipto,attacker,Egipto
582,"Guerra Árabe-Israelí, 1973 (Guerra de Octubre)",SHALLUFA II,1973-10-23 06:30:00,1973-10-24 19:30:00,1 days 13:00:00,Israel,Egipto,attacker,Egipto
583,"Guerra Árabe-Israelí, 1973 (Guerra de Octubre)",SUEZ,1973-10-23 15:00:00,1973-10-25 02:30:00,1 days 11:30:00,Israel,Egipto,defender,Egipto
584,"Guerra Árabe-Israelí, 1973 (Guerra de Octubre)",ADABIYA,1973-10-23 00:00:00,1973-10-25 00:00:00,2 days 00:00:00,Israel,Egipto,attacker,Egipto
585,"Guerra Árabe-Israelí, 1973 (Guerra de Octubre)",KUNEITRA,1973-10-06 00:00:00,1973-10-08 00:00:00,2 days 00:00:00,Siria,Israel,draw,Siria
586,"Guerra Árabe-Israelí, 1973 (Guerra de Octubre)",AHMADIYEH,1973-10-06 14:05:00,1973-10-08 01:00:00,1 days 10:55:00,Siria,Israel,defender,Siria
587,"Guerra Árabe-Israelí, 1973 (Guerra de Octubre)",RAFID,1973-10-06 14:05:00,1973-10-07 14:00:00,0 days 23:55:00,Siria,Israel,attacker,Siria
588,"Guerra Árabe-Israelí, 1973 (Guerra de Octubre)",YEHUDA-EL AL,1973-10-07 00:00:00,1973-10-09 00:00:00,2 days 00:00:00,Siria,Israel,defender,Siria
589,"Guerra Árabe-Israelí, 1973 (Guerra de Octubre)",NAFEKH,1973-10-07 13:15:00,1973-10-08 18:00:00,1 days 04:45:00,Siria,Israel,defender,Siria
590,"Guerra Árabe-Israelí, 1973 (Guerra de Octubre)",TEL FARRIS,1973-10-08 00:00:00,1973-10-11 00:00:00,3 days 00:00:00,Israel,Siria,attacker,Siria
591,"Guerra Árabe-Israelí, 1973 (Guerra de Octubre)",HUSHNIYAH,1973-10-08 06:00:00,1973-10-10 12:00:00,2 days 06:00:00,Israel,Siria,attacker,Siria
592,"Guerra Árabe-Israelí, 1973 (Guerra de Octubre)",MOUNT HERMONIT,1973-10-08 00:00:00,1973-10-10 00:00:00,2 days 00:00:00,Siria,Israel,defender,Siria
593,"Guerra Árabe-Israelí, 1973 (Guerra de Octubre)",MOUNT HERMON I,1973-10-08 00:00:00,1973-10-09 00:00:00,1 days 00:00:00,Israel,Siria,defender,Siria
594,"Guerra Árabe-Israelí, 1973 (Guerra de Octubre)",TEL SHAMS,1973-10-11 11:00:00,1973-10-13 21:00:00,2 days 10:00:00,Israel,Siria,attacker,Siria
595,"Guerra Árabe-Israelí, 1973 (Guerra de Octubre)",TEL SHAAR,1973-10-11 00:00:00,1973-10-13 00:00:00,2 days 00:00:00,Israel,Siria,attacker,Siria
597,"Guerra Árabe-Israelí, 1973 (Guerra de Octubre)",KFAR SHAMS-TEL ANTAR,1973-10-15 16:00:00,1973-10-15 19:00:00,0 days 03:00:00,Israel,Israel,attacker,Siria
598,"Guerra Árabe-Israelí, 1973 (Guerra de Octubre)",NABA,1973-10-16 05:00:00,1973-10-16 10:30:00,0 days 05:30:00,Jordania,Israel,defender,Siria
599,"Guerra Árabe-Israelí, 1973 (Guerra de Octubre)",ARAB COUNTEROFFENSIVE,1973-10-19 06:00:00,1973-10-19 17:00:00,0 days 11:00:00,Siria,Israel,defender,Siria
600,"Guerra Árabe-Israelí, 1973 (Guerra de Octubre)",MOUNT HERMON II,1973-10-21 14:00:00,1973-10-21 16:00:00,0 days 02:00:00,Israel,Siria,defender,Siria
601,"Guerra Árabe-Israelí, 1973 (Guerra de Octubre)",MOUNT HERMON III,1973-10-22 00:00:00,1973-10-23 00:00:00,1 days 00:00:00,Israel,Siria,attacker,Siria
602,Segunda Guerra Mundial,SIDI BOU ZID I,1943-02-14 00:00:00,1943-02-15 00:00:00,1 days 00:00:00,Alemania,EE. UU.,attacker,Túnez
603,Segunda Guerra Mundial,SIDI BOU ZID II,1943-02-15 00:00:00,1943-02-16 00:00:00,1 days 00:00:00,EE. UU.,Alemania,defender,Túnez
604,Segunda Guerra Mundial,KASSERINE PASS,1943-02-19 00:00:00,1943-02-21 00:00:00,2 days 00:00:00,Alemania,EE. UU.,attacker,Túnez
605,Segunda Guerra Mundial,RAPIDO NORTH I,1944-01-20 00:00:00,1944-01-21 00:00:00,1 days 00:00:00,EE. UU.,Alemania,defender,Italia
606,Segunda Guerra Mundial,RAPIDO NORTH II,1944-01-21 00:00:00,1944-01-22 00:00:00,1 days 00:00:00,EE. UU.,Alemania,defender,Italia
607,Segunda Guerra Mundial,RAPIDO SOUTH I,1944-01-20 00:00:00,1944-01-21 00:00:00,1 days 00:00:00,EE. UU.,Alemania,defender,Italia
608,Segunda Guerra Mundial,RAPIDO SOUTH II,1944-01-21 00:00:00,1944-01-22 00:00:00,1 days 00:00:00,EE. UU.,Alemania,defender,Italia
609,Segunda Guerra Mundial (Teatro Europeo),BOWLING ALLEY I,1944-02-16 00:00:00,1944-02-20 00:00:00,4 days 00:00:00,Alemania,EE. UU.,defender,Italia
610,Segunda Guerra Mundial (Teatro Europeo),BOWLING ALLEY II,1944-02-16 00:00:00,1944-02-18 00:00:00,2 days 00:00:00,Alemania,EE. UU.,attacker,Italia
611,Segunda Guerra Mundial (Teatro Europeo),BOWLING ALLEY III,1944-02-16 00:00:00,1944-02-20 00:00:00,4 days 00:00:00,Alemania,EE. UU.,defender,Italia
612,Segunda Guerra Mundial (Teatro Europeo),MORTAIN I,1944-08-07 00:00:00,1944-08-08 00:00:00,1 days 00:00:00,Alemania,EE. UU.,defender,Francia
613,Segunda Guerra Mundial (Teatro Europeo),MORTAIN II,1944-08-07 00:00:00,1944-08-08 00:00:00,1 days 00:00:00,Alemania,EE. UU.,defender,Francia
614,Segunda Guerra Mundial,SCHMIDT I,1944-11-02 00:00:00,1944-11-06 00:00:00,4 days 00:00:00,EE. UU.,Alemania,defender,Alemania
615,Segunda Guerra Mundial,SCHMIDT II,1944-11-02 00:00:00,1944-11-04 00:00:00,2 days 00:00:00,EE. UU.,Alemania,defender,Alemania
616,Segunda Guerra Mundial,SCHMIDT III,1944-11-02 00:00:00,1944-11-05 00:00:00,3 days 00:00:00,EE. UU.,Alemania,defender,Alemania
617,Segunda Guerra Mundial,WAHLERSCHEID,1944-12-13 00:00:00,1944-12-17 00:00:00,4 days 00:00:00,EE. UU.,Alemania,attacker,Alemania
618,Segunda Guerra Mundial (Teatro Europeo),KRINKELT-ROCHERATH I,1944-12-17 00:00:00,1944-12-18 00:00:00,1 days 00:00:00,Alemania,EE. UU.,attacker,Bélgica
619,Segunda Guerra Mundial (Teatro Europeo),KRINKELT-ROCHERATH II,1944-12-17 00:00:00,1944-12-20 00:00:00,3 days 00:00:00,Alemania,EE. UU.,defender,Bélgica
620,Segunda Guerra Mundial (Teatro Europeo),SCHNEE EIFEL CENTER,1944-12-16 00:00:00,1944-12-20 00:00:00,4 days 00:00:00,Alemania,EE. UU.,attacker,Alemania
621,Segunda Guerra Mundial (Teatro Europeo),SCHNEE EIFEL SOUTH,1944-12-16 00:00:00,1944-12-17 00:00:00,1 days 00:00:00,Alemania,EE. UU.,attacker,Alemania
622,Segunda Guerra Mundial (Teatro Europeo),SCHNEE EIFEL NORTH I,1944-12-16 00:00:00,1944-12-17 00:00:00,1 days 00:00:00,Alemania,EE. UU.,attacker,Alemania
623,Segunda Guerra Mundial (Teatro Europeo),SCHNEE EIFEL NORTH II,1944-12-16 00:00:00,1944-12-20 00:00:00,4 days 00:00:00,Alemania,EE. UU.,attacker,Alemania
624,Segunda Guerra Mundial (Teatro Europeo),OUR RIVER CENTER,1944-12-16 00:00:00,1944-12-19 00:00:00,3 days 00:00:00,Alemania,EE. UU.,attacker,Luxemburgo
625,Segunda Guerra Mundial (Teatro Europeo),OUR RIVER NORTH,1944-12-16 00:00:00,1944-12-18 00:00:00,2 days 00:00:00,Alemania,EE. UU.,attacker,Luxemburgo
626,Guerra de Corea,PUSAN PERIMETER,1950-09-16 00:00:00,1950-09-18 00:00:00,2 days 00:00:00,Corea del Norte,EE. UU.,defender,Corea
627,Guerra de Corea,PUSAN BREAKOUT,1950-09-18 00:00:00,1950-09-22 00:00:00,4 days 00:00:00,EE. UU.,Corea del Norte,attacker,Corea
628,Guerra de Corea,NAM RIVER,1950-09-22 00:00:00,1950-09-25 00:00:00,3 days 00:00:00,EE. UU.,Corea del Norte,attacker,Corea
629,Guerra de Corea,KUNSON,1950-09-25 00:00:00,1950-10-01 00:00:00,6 days 00:00:00,EE. UU.,Corea del Norte,attacker,Corea
630,Guerra de Corea,BUTTE LINE,1951-02-07 00:00:00,1951-02-12 00:00:00,5 days 00:00:00,EE. UU.,Corea del Norte,attacker,Corea
631,Guerra de Corea,HAN RIVER,1951-03-07 00:00:00,1951-03-10 00:00:00,3 days 00:00:00,EE. UU.,Corea del Norte,attacker,Corea
632,Guerra de Corea,CHAN RIVER,1951-04-03 00:00:00,1951-04-06 00:00:00,3 days 00:00:00,EE. UU.,Corea del Norte,attacker,Corea
633,Guerra de Corea,PIERCE LINE,1951-04-20 00:00:00,1951-04-24 00:00:00,4 days 00:00:00,EE. UU.,Corea del Norte,attacker,Corea
634,Guerra de Corea,KANSAS LINE,1951-04-23 00:00:00,1951-04-28 00:00:00,5 days 00:00:00,Corea del Norte,EE. UU.,attacker,Corea
635,Guerra de Corea,IRON TRIANGLE,1951-06-01 00:00:00,1951-06-03 00:00:00,2 days 00:00:00,Corea del Norte,EE. UU.,defender,Corea
636,Guerra de Corea,BAYONETTE LINE,1951-06-03 00:00:00,1951-06-05 00:00:00,2 days 00:00:00,EE. UU.,Corea del Norte,attacker,Corea
637,Segunda Guerra Mundial,TARGUL FRUMOS,1944-05-01 00:00:00,1944-05-02 00:00:00,1 days 00:00:00,URSS,Alemania,defender,Unión Soviética
638,"Guerra Árabe-Israelí, 1948",MISHMAR HAYARDEN 1,1948-06-06 00:00:00,1948-06-11 00:00:00,5 days 00:00:00,Siria,Israel,attacker,Golán
639,"Guerra Árabe-Israelí, 1948",MISHMAR HAYARDEN 2,1948-07-09 00:00:00,1948-07-15 00:00:00,6 days 00:00:00,Siria,Israel,defender,Golán
640,"Guerra Árabe-Israelí, 1948",HIRAM,1948-10-28 00:00:00,1948-10-31 00:00:00,3 days 00:00:00,Israel,Siria,defender,Golán
641,"Guerra Árabe-Israelí, 1967 (Guerra de los Seis Días)",BANIAS-MASAADA,1967-06-10 00:00:00,1967-06-11 00:00:00,1 days 00:00:00,Israel,Siria,attacker,Golán
642,"Guerra Árabe-Israelí, 1967 (Guerra de los Seis Días)",BOUTMIYA,1967-06-10 00:00:00,1967-06-11 00:00:00,1 days 00:00:00,Israel,Siria,attacker,Golán
643,"Guerra Árabe-Israelí, 1967 (Guerra de los Seis Días)",KUNEITRA,1967-06-10 00:00:00,1967-06-11 00:00:00,1 days 00:00:00,Israel,Siria,attacker,Golán
644,Segunda Guerra Mundial,TARTO-TIBER,1944-05-03 00:00:00,1944-05-05 00:00:00,2 days 00:00:00,Gran Bretaña,Alemania,attacker,Italia
645,"Israel-Líbano, 1982",BEKKA VALLEY,1982-06-08 00:00:00,1982-06-11 00:00:00,3 days 00:00:00,Israel,Siria,attacker,Líbano
646,"Guerra Árabe-Israelí, 1948",ACRE,1948-05-13 00:00:00,1948-05-15 00:00:00,2 days 00:00:00,Israel,Egipto,attacker,Sinaí
647,"Guerra Árabe-Israelí, 1948",DEATH TO INVADER,1948-07-14 00:00:00,1948-07-19 00:00:00,5 days 00:00:00,Israel,Egipto,attacker,Sinaí
648,"Guerra Árabe-Israelí, 1948",EL AUJA (AYIN),1948-12-25 00:00:00,1948-12-28 00:00:00,3 days 00:00:00,Israel,Egipto,attacker,Sinaí
649,"Guerra Árabe-Israelí, 1948",AGEILA-RAFAH (AYIN),1948-12-28 00:00:00,1949-01-07 00:00:00,10 days 00:00:00,Israel,Egipto,attacker,Sinaí
650,"Guerra Árabe-Israelí, 1956",ABU AGELIA-UM KATEF,1956-10-30 00:00:00,1956-11-02 00:00:00,3 days 00:00:00,Israel,Egipto,defender,Sinaí
651,"Guerra Árabe-Israelí, 1956",BIR RUD SALIM,1956-11-01 00:00:00,1956-11-03 00:00:00,2 days 00:00:00,Israel,Egipto,attacker,Sinaí
652,"Guerra Árabe-Israelí, 1956",RAFAH-EL ARISH,1956-11-01 00:00:00,1956-11-02 00:00:00,1 days 00:00:00,Israel,Egipto,attacker,Sinaí
653,"Guerra Árabe-Israelí, 1956",GAZA-KHAN YUNIS,1956-11-02 00:00:00,1956-11-03 00:00:00,1 days 00:00:00,Israel,Egipto,attacker,Sinaí
655,"Guerra Árabe-Israelí, 1948",JERUSALEM (JEBUSSI),1948-04-21 00:00:00,1948-05-31 00:00:00,40 days 00:00:00,Israel,Jordania,draw,Cisjordania
656,"Guerra Árabe-Israelí, 1948",JERUSALEM CORRIDOR,1948-07-09 00:00:00,1948-07-14 00:00:00,5 days 00:00:00,Israel,Jordania,defender,Cisjordania
657,Segunda Guerra Mundial,ARDENNES,1940-05-10 00:00:00,1940-05-22 00:00:00,12 days 00:00:00,Alemania,Francia,attacker,Noroeste de Europa
658,Segunda Guerra Mundial,CAMBRAI,1940-05-13 00:00:00,1940-05-18 00:00:00,5 days 00:00:00,Alemania,Francia,attacker,Noroeste de Europa
659,Segunda Guerra Mundial,ARRAS,1940-05-21 00:00:00,1940-05-23 00:00:00,2 days 00:00:00,Gran Bretaña,Alemania,defender,Noroeste de Europa
660,Segunda Guerra Mundial,BOOS,1940-06-01 00:00:00,1940-06-02 00:00:00,1 days 00:00:00,Francia,Alemania,draw,Noroeste de Europa
